group_name,url,status,thumbnail,description
!TROCAS DE TRES TONELADAS!!ford f350 Silverado 3500 Ram 4000!!,https://www.facebook.com/groups/350149943264170/,Public · 107K members · 10+ posts a day,https://scontent-ord5-2.xx.fbcdn.net/v/t39.30808-6/331308315_1348454249329554_6557101598308065686_n.jpg?stp=cp0_dst-jpg_p64x64&_nc_cat=104&ccb=1-7&_nc_sid=5f2048&_nc_ohc=RlyXexVghAEAX9N0XWs&_nc_ht=scontent-ord5-2.xx&oh=00_AfDzyD1Mh7E22lOHniuJG2SHDDKLFGOyP_2vINmsRyEQBA&oe=6601EC0C,Trocas de tres toneladas
00-02 Chevrolet Silverado 15-2500hd,https://www.facebook.com/groups/255693090526123/,Public · 177 members · 6 posts a month,https://scontent-ord5-1.xx.fbcdn.net/v/t39.30808-6/360172066_123982174082450_1035104799100962394_n.jpg?stp=c11.0.64.64a_cp0_dst-jpg_p64x64&_nc_cat=109&ccb=1-7&_nc_sid=5f2048&_nc_ohc=EC45BTVWtQcAX9gyoTc&_nc_ht=scontent-ord5-1.xx&oh=00_AfCRfN_WRtHlmPKBUI3HkuFvZgJ3eLQP1jqkAqsaHqvWpA&oe=66009C10,No Description
00-02 Chevrolet Silverado 15-2500hd,https://www.facebook.com/groups/255693090526123/,Public · 177 members · 6 posts a month,https://scontent-ord5-1.xx.fbcdn.net/v/t39.30808-6/360172066_123982174082450_1035104799100962394_n.jpg?stp=c11.0.64.64a_cp0_dst-jpg_p64x64&_nc_cat=109&ccb=1-7&_nc_sid=5f2048&_nc_ohc=EC45BTVWtQcAX9gyoTc&_nc_ht=scontent-ord5-1.xx&oh=00_AfCRfN_WRtHlmPKBUI3HkuFvZgJ3eLQP1jqkAqsaHqvWpA&oe=66009C10,No Description
07-13 Chevrolet Silverado 1500 Car Owners & Parts for Sale (Buy / Sell / Tr,https://www.facebook.com/groups/627665240714680/,Public · 2.4K members · 10 posts a day,https://scontent-ord5-2.xx.fbcdn.net/v/t1.30497-1/116687302_959241714549285_318408173653384421_n.jpg?stp=cp0_dst-jpg_p60x60&_nc_cat=1&ccb=1-7&_nc_sid=5f2048&_nc_ohc=_AiauEvJT5MAX8QWnAJ&_nc_ht=scontent-ord5-2.xx&oh=00_AfAUMoZqf9eE1esXlxAcqsqbLoo1n99fZHEP7zV3MHrH7A&oe=662409C3,No Description
07-13 Chevrolet Silverado 1500 Car Owners & Parts for Sale (Buy / Sell / Tr,https://www.facebook.com/groups/627665240714680/,Public · 2.4K members · 10 posts a day,https://scontent-ord5-2.xx.fbcdn.net/v/t1.30497-1/116687302_959241714549285_318408173653384421_n.jpg?stp=cp0_dst-jpg_p60x60&_nc_cat=1&ccb=1-7&_nc_sid=5f2048&_nc_ohc=_AiauEvJT5MAX8QWnAJ&_nc_ht=scontent-ord5-2.xx&oh=00_AfAUMoZqf9eE1esXlxAcqsqbLoo1n99fZHEP7zV3MHrH7A&oe=662409C3,No Description
07-19 Gmc Sierra/Chevrolet Silverado,https://www.facebook.com/groups/1192875884518510/,Public · 28K members · 10+ posts a day,https://scontent-ord5-2.xx.fbcdn.net/v/t39.30808-6/409139238_1718817985258694_6427211706716869484_n.jpg?stp=c0.7.64.64a_cp0_dst-jpg_p64x64&_nc_cat=102&ccb=1-7&_nc_sid=5f2048&_nc_ohc=y0QfO96Fja4AX838D_P&_nc_ht=scontent-ord5-2.xx&oh=00_AfAEfBs6hBpE3Lxw9fRtUPnXagdVlqRk55VwRbHQD7kSUA&oe=6601F6E1,If you own or like these year model trucks follow the group.
07-19 Gmc Sierra/Chevrolet Silverado,https://www.facebook.com/groups/1192875884518510/,Public · 28K members · 10+ posts a day,https://scontent-ord5-2.xx.fbcdn.net/v/t39.30808-6/409139238_1718817985258694_6427211706716869484_n.jpg?stp=c0.7.64.64a_cp0_dst-jpg_p64x64&_nc_cat=102&ccb=1-7&_nc_sid=5f2048&_nc_ohc=y0QfO96Fja4AX838D_P&_nc_ht=scontent-ord5-2.xx&oh=00_AfAEfBs6hBpE3Lxw9fRtUPnXagdVlqRk55VwRbHQD7kSUA&oe=6601F6E1,If you own or like these year model trucks follow the group.
"1967-1977 Ford F250 Highboys, 1977.5-79 F250 Lowboys, and other Ford 4x4's",https://www.facebook.com/groups/411809902172974/,Private · 10K members · 4 posts a day,https://scontent-ord5-2.xx.fbcdn.net/v/t39.30808-6/430028986_10161046150105664_1445367916015272501_n.jpg?stp=cp0_dst-jpg_p64x64&_nc_cat=107&ccb=1-7&_nc_sid=5f2048&_nc_ohc=A9e610XE-xgAX8Pp-hg&_nc_ht=scontent-ord5-2.xx&oh=00_AfCQpBsZWCSTLSrIH9UzGC9qtZi5aWbTdCgt148T2xO_ig&oe=6600A632,This group is here so you all can talk about your Ford Highboys or Lowboys. If they have questions about what's wrong with your truck. Or simply just post pics of your truck and show that beauty off.
1973 to 78 ford f250,https://www.facebook.com/groups/1981701198831888/,Public · 511 members · 8 posts a month,https://scontent-ord5-2.xx.fbcdn.net/v/t39.30808-6/334971844_196225779709658_7218526990187514383_n.jpg?stp=c25.0.64.64a_cp6_dst-jpg_p64x64&_nc_cat=100&ccb=1-7&_nc_sid=5f2048&_nc_ohc=wnel42Z3Ds8AX9FIavM&_nc_ht=scontent-ord5-2.xx&oh=00_AfAznM_WdrAzC4VQSvNuT4Ryr0vQaLZgSkHP6XDTMhEJZA&oe=66023DAD,No Description
1980-1996 FORD F150/F250/F350 TRUCKS & PARTS,https://www.facebook.com/groups/1444572709093444/,Public · 7.7K members · 2 posts a day,https://scontent-ord5-1.xx.fbcdn.net/v/t39.30808-6/406448765_10228549528898202_4978464738845474623_n.jpg?stp=c51.0.64.64a_cp0_dst-jpg_p64x64&_nc_cat=106&ccb=1-7&_nc_sid=5f2048&_nc_ohc=yj6j9rVMOGEAX9FTTxG&_nc_ht=scontent-ord5-1.xx&oh=00_AfDrn3b-mZsuH4zLqPnaVFSn897XoYCSHx990g_iX2QGoA&oe=6600952A,No Description
1988 Ford F-250 Supercab,https://www.facebook.com/groups/800923946602223/,Public · 34 members,https://scontent-ord5-2.xx.fbcdn.net/v/t1.30497-1/116687302_959241714549285_318408173653384421_n.jpg?stp=cp0_dst-jpg_p60x60&_nc_cat=1&ccb=1-7&_nc_sid=5f2048&_nc_ohc=_AiauEvJT5MAX8QWnAJ&_nc_ht=scontent-ord5-2.xx&oh=00_AfAUMoZqf9eE1esXlxAcqsqbLoo1n99fZHEP7zV3MHrH7A&oe=662409C3,No Description
"1993-1999 Ford F150 ,f-250 For Sale Or Trade",https://www.facebook.com/groups/1472217579756377/,Public · 2.9K members · 8 posts a month,https://scontent-ord5-2.xx.fbcdn.net/v/t1.30497-1/116687302_959241714549285_318408173653384421_n.jpg?stp=cp0_dst-jpg_p60x60&_nc_cat=1&ccb=1-7&_nc_sid=5f2048&_nc_ohc=_AiauEvJT5MAX8QWnAJ&_nc_ht=scontent-ord5-2.xx&oh=00_AfAUMoZqf9eE1esXlxAcqsqbLoo1n99fZHEP7zV3MHrH7A&oe=662409C3,No Description
1998 Chevrolet Silverado Group,https://www.facebook.com/groups/333742847113586/,Public · 48 members · 8 posts a year,https://scontent-ord5-2.xx.fbcdn.net/v/t39.30808-6/428607514_420926830282310_8379440139538543542_n.jpg?stp=c16.0.64.64a_cp0_dst-jpg_p64x64&_nc_cat=107&ccb=1-7&_nc_sid=5f2048&_nc_ohc=-Gafrc8FxBoAX82IK_d&_nc_ht=scontent-ord5-2.xx&oh=00_AfDDSzaP4ZfUznKteIlrTRj-Dgr_TNsn5Lvq_kVVJAkclA&oe=66010FFF,No Description
1998 Chevrolet Silverado Group,https://www.facebook.com/groups/333742847113586/,Public · 48 members · 8 posts a year,https://scontent-ord5-2.xx.fbcdn.net/v/t39.30808-6/428607514_420926830282310_8379440139538543542_n.jpg?stp=c16.0.64.64a_cp0_dst-jpg_p64x64&_nc_cat=107&ccb=1-7&_nc_sid=5f2048&_nc_ohc=-Gafrc8FxBoAX82IK_d&_nc_ht=scontent-ord5-2.xx&oh=00_AfDDSzaP4ZfUznKteIlrTRj-Dgr_TNsn5Lvq_kVVJAkclA&oe=66010FFF,No Description
1999-06 Gmc Sierra and Chevrolet Silverado trucks and parts,https://www.facebook.com/groups/501442778687254/,Public · 11K members · 10 posts a day,https://scontent-ord5-2.xx.fbcdn.net/v/t39.30808-6/316664049_10160119732199544_1314655864241854167_n.jpg?stp=c0.22.64.64a_cp0_dst-jpg_p64x64&_nc_cat=105&ccb=1-7&_nc_sid=5f2048&_nc_ohc=nef_6YVh1tYAX9RUwLp&_nc_ht=scontent-ord5-2.xx&oh=00_AfAp0C2wvo1W-RlDlxM2owUC07RwOs3sieLU5sHSvOcFVg&oe=66015060,Hello this is a group to find 99-06 Chevrolet Silverado trucks 0r Gmc Sierra trucks and parts also people can post searching for parts
1999-06 Gmc Sierra and Chevrolet Silverado trucks and parts,https://www.facebook.com/groups/501442778687254/,Public · 11K members · 10 posts a day,https://scontent-ord5-2.xx.fbcdn.net/v/t39.30808-6/316664049_10160119732199544_1314655864241854167_n.jpg?stp=c0.22.64.64a_cp0_dst-jpg_p64x64&_nc_cat=105&ccb=1-7&_nc_sid=5f2048&_nc_ohc=nef_6YVh1tYAX9RUwLp&_nc_ht=scontent-ord5-2.xx&oh=00_AfAp0C2wvo1W-RlDlxM2owUC07RwOs3sieLU5sHSvOcFVg&oe=66015060,Hello this is a group to find 99-06 Chevrolet Silverado trucks 0r Gmc Sierra trucks and parts also people can post searching for parts
1999-2002 Chevrolet Silverado,https://www.facebook.com/groups/1228484198103059/,Public · 550 members · 8 posts a month,https://scontent-ord5-2.xx.fbcdn.net/v/t39.30808-6/323446507_5902461279841692_1239986542636514552_n.jpg?stp=c0.16.64.64a_cp0_dst-jpg_p64x64&_nc_cat=105&ccb=1-7&_nc_sid=5f2048&_nc_ohc=ZNSvCy7biUIAX-OPRwt&_nc_ht=scontent-ord5-2.xx&oh=00_AfCWGltDILzrlctLxfrGml6ATyVI-JaJH_iO448e5Jo8SQ&oe=66013E0A,All about your trusted Chevrolet. Ford Sucks.
2001 Ford F250 Platinum Owners,https://www.facebook.com/groups/1265070603531071/,Private · 204 members,https://scontent-ord5-2.xx.fbcdn.net/v/t31.18172-8/15936745_10157942442290063_2017720465244714808_o.jpg?stp=c25.0.64.64a_cp0_dst-jpg_p64x64&_nc_cat=104&ccb=1-7&_nc_sid=5f2048&_nc_ohc=VbVAhY28MeUAX8XYFzk&_nc_ht=scontent-ord5-2.xx&oh=00_AfAR9wHHJYLcWZwsth-xaJuXTI9ebzgVWIjP9k61vPJqiQ&oe=662409B5,No Description
2003-2007 (Cats eye) Classic Chevrolet Silverado 1500-3500,https://www.facebook.com/groups/296521272434691/,Private · 1.7K members,https://scontent-ord5-1.xx.fbcdn.net/v/t39.30808-6/417912991_397284879530375_157763791767802564_n.jpg?stp=c7.0.64.64a_cp0_dst-jpg_p64x64&_nc_cat=111&ccb=1-7&_nc_sid=5f2048&_nc_ohc=_o18IImiw_0AX_QVHnr&_nc_ht=scontent-ord5-1.xx&oh=00_AfBa3Acd9pOJewQnqyEEoYMHa9yDy9JETs3EdGt5PPiSWQ&oe=66014AD3,"This is a enthusiast's group for the 2003 thru 2007 (classic body style) or cats eye front end Chevy Silverado lovers. This is to include any cab, bed, engine and drivetrain and the cats eye Avalanche. We welcome current and past owners of this beautiful truck."
2007-2014 Chevrolet Suburban 2500/GMC Yukon 2500 Owners Group,https://www.facebook.com/groups/1703459090138942/,Public · 966 members · 8 posts a month,https://scontent-ord5-2.xx.fbcdn.net/v/t39.30808-6/428700844_10161503693670984_3657097422561740205_n.jpg?stp=c10.0.64.64a_cp0_dst-jpg_p64x64&_nc_cat=103&ccb=1-7&_nc_sid=5f2048&_nc_ohc=HJ17Ecksz1MAX_Udk1N&_nc_ht=scontent-ord5-2.xx&oh=00_AfCGMoq8V7qf1ZrDemUYa-X53lt7AoUW0cWMTPdaryBg3Q&oe=6601C23F,"Owners and potential owners discussion on service, repairs, features, parts, accessories, and other group discussions about GMT900 2500 platform"
2008 Chevrolet Silverado 1500 LTZ,https://www.facebook.com/groups/423146478780075/,Public · 824 members,https://scontent-ord5-2.xx.fbcdn.net/v/t1.6435-9/157773661_10215646123266098_5101484832559092073_n.jpg?stp=c38.0.64.64a_cp0_dst-jpg_p64x64&_nc_cat=102&ccb=1-7&_nc_sid=5f2048&_nc_ohc=GgA1qAiJySEAX_9lBie&_nc_oc=Adhz0aA5vDDVHxj5C0fa85qAYHtkxhNjUlQExNTyIQjRxmRbqxFEThwMdUBZqK5bGEk&_nc_ht=scontent-ord5-2.xx&oh=00_AfCp674KCDAj6p32Oc1Yu4RPfi8lcLVmKtREJSty5gmWtA&oe=6623E53C,No Description
2008 Chevrolet Silverado 1500 LTZ,https://www.facebook.com/groups/423146478780075/,Public · 824 members,https://scontent-ord5-2.xx.fbcdn.net/v/t1.6435-9/157773661_10215646123266098_5101484832559092073_n.jpg?stp=c38.0.64.64a_cp0_dst-jpg_p64x64&_nc_cat=102&ccb=1-7&_nc_sid=5f2048&_nc_ohc=GgA1qAiJySEAX_9lBie&_nc_oc=Adhz0aA5vDDVHxj5C0fa85qAYHtkxhNjUlQExNTyIQjRxmRbqxFEThwMdUBZqK5bGEk&_nc_ht=scontent-ord5-2.xx&oh=00_AfCp674KCDAj6p32Oc1Yu4RPfi8lcLVmKtREJSty5gmWtA&oe=6623E53C,No Description
2011 Ford F250 6.7 ONLY,https://www.facebook.com/groups/466132937181001/,Private · 22 members,https://scontent-ord5-2.xx.fbcdn.net/v/t1.30497-1/116687302_959241714549285_318408173653384421_n.jpg?stp=cp0_dst-jpg_p60x60&_nc_cat=1&ccb=1-7&_nc_sid=5f2048&_nc_ohc=_AiauEvJT5MAX8QWnAJ&_nc_ht=scontent-ord5-2.xx&oh=00_AfAUMoZqf9eE1esXlxAcqsqbLoo1n99fZHEP7zV3MHrH7A&oe=662409C3,No Description
2019+ Chevrolet Silverado RST,https://www.facebook.com/groups/1572666146231486/,Private · 7.5K members · 9 posts a day,https://scontent-ord5-2.xx.fbcdn.net/v/t39.30808-6/430113511_7196871990348696_4479962025442309528_n.jpg?stp=c0.2.64.64a_cp0_dst-jpg_p64x64&_nc_cat=100&ccb=1-7&_nc_sid=5f2048&_nc_ohc=D0fHh8sKhIEAX_hyaNj&_nc_ht=scontent-ord5-2.xx&oh=00_AfCAPzyRWBSdbhqOCuGLgoSazBPNcWRMyalNX0jpdSneWA&oe=6600B11A,No Description
2019+ Chevrolet Silverado RST,https://www.facebook.com/groups/1572666146231486/,Private · 7.5K members · 9 posts a day,https://scontent-ord5-2.xx.fbcdn.net/v/t39.30808-6/430113511_7196871990348696_4479962025442309528_n.jpg?stp=c0.2.64.64a_cp0_dst-jpg_p64x64&_nc_cat=100&ccb=1-7&_nc_sid=5f2048&_nc_ohc=D0fHh8sKhIEAX_hyaNj&_nc_ht=scontent-ord5-2.xx&oh=00_AfCAPzyRWBSdbhqOCuGLgoSazBPNcWRMyalNX0jpdSneWA&oe=6600B11A,No Description
2020+ 2500HD Silverado/Sierra 6.6 Gas Owners,https://www.facebook.com/groups/586474035254760/,Private · 1.6K members,https://scontent-ord5-2.xx.fbcdn.net/v/t1.6435-9/79704619_10215032491472313_8745870247333986304_n.jpg?stp=c9.0.64.64a_cp0_dst-jpg_p64x64&_nc_cat=103&ccb=1-7&_nc_sid=5f2048&_nc_ohc=vA-jun2eiBgAX_AbLvx&_nc_ht=scontent-ord5-2.xx&oh=00_AfAASiy4A5iNb_eHPOew4_nm_p1_IWk6YNm9mXsnNMaWLw&oe=66240D0F,"Current Owners Accessories, Experiences, MPG, and Pictures. Not a group for promoting products for your business."
2020+ Chevrolet Silverado Gas 1500 Owners,https://www.facebook.com/groups/1004207340323581/,Public · 237 members · 4 posts a month,https://scontent-ord5-2.xx.fbcdn.net/v/t1.6435-9/183203663_10104196507018473_29397729718710716_n.jpg?stp=c35.0.64.64a_cp0_dst-jpg_p64x64&_nc_cat=102&ccb=1-7&_nc_sid=5f2048&_nc_ohc=e0mKv0m1rb0AX_Ipbsm&_nc_ht=scontent-ord5-2.xx&oh=00_AfDB3ZisiiNjWDVrFQNsMm_qg9ZlUNLSp-8G9R7gYObrCA&oe=6624091F,"For all Chevy Silverado 1500 owners to talk about our trucks, share any mods, opinions, crazy stories or laughs. As well as help each other whenever possible with similar issues we may have encountered."
2020+ Chevrolet Silverado Gas 1500 Owners,https://www.facebook.com/groups/1004207340323581/,Public · 237 members · 4 posts a month,https://scontent-ord5-2.xx.fbcdn.net/v/t1.6435-9/183203663_10104196507018473_29397729718710716_n.jpg?stp=c35.0.64.64a_cp0_dst-jpg_p64x64&_nc_cat=102&ccb=1-7&_nc_sid=5f2048&_nc_ohc=e0mKv0m1rb0AX_Ipbsm&_nc_ht=scontent-ord5-2.xx&oh=00_AfDB3ZisiiNjWDVrFQNsMm_qg9ZlUNLSp-8G9R7gYObrCA&oe=6624091F,"For all Chevy Silverado 1500 owners to talk about our trucks, share any mods, opinions, crazy stories or laughs. As well as help each other whenever possible with similar issues we may have encountered."
2020+ Chevrolet Silverado HD & GMC Sierra HD Owners,https://www.facebook.com/groups/2020SilveradoHD/,Private · 31K members · 10+ posts a day,https://scontent-ord5-2.xx.fbcdn.net/v/t39.30808-6/334425159_125595326920038_1297023444580187989_n.jpg?stp=c11.0.64.64a_cp0_dst-jpg_p64x64&_nc_cat=105&ccb=1-7&_nc_sid=5f2048&_nc_ohc=lq6XJW42KdAAX-XfND7&_nc_ht=scontent-ord5-2.xx&oh=00_AfBj55-hBJeeWRfIufADGH4OJ_s9RMlU17w0mH885TT4sw&oe=6601CECF,"The official 2020+ Silverado HD & Sierra HD speculation and enthusiast group, by GM-Trucks.com. ANY and ALL 2019 Silverado / Sierra enthusiasts welcome. http://www.gm-trucks.com/forums/forum/240-2020-chevrolet-silverado-gmc-sierra-2500hd3500hd/"
2020+ Chevrolet Silverado HD & GMC Sierra HD Owners,https://www.facebook.com/groups/2020SilveradoHD/,Private · 31K members · 10+ posts a day,https://scontent-ord5-2.xx.fbcdn.net/v/t39.30808-6/334425159_125595326920038_1297023444580187989_n.jpg?stp=c11.0.64.64a_cp0_dst-jpg_p64x64&_nc_cat=105&ccb=1-7&_nc_sid=5f2048&_nc_ohc=lq6XJW42KdAAX-XfND7&_nc_ht=scontent-ord5-2.xx&oh=00_AfBj55-hBJeeWRfIufADGH4OJ_s9RMlU17w0mH885TT4sw&oe=6601CECF,"The official 2020+ Silverado HD & Sierra HD speculation and enthusiast group, by GM-Trucks.com. ANY and ALL 2019 Silverado / Sierra enthusiasts welcome. http://www.gm-trucks.com/forums/forum/240-2020-chevrolet-silverado-gmc-sierra-2500hd3500hd/"
"2020+ Silverado Gas 1500, 2500, 3500",https://www.facebook.com/groups/4396936073664304/,Public · 68 members · 2 posts a month,https://scontent-ord5-2.xx.fbcdn.net/v/t39.30808-6/212370696_10104218670832013_2669950063410050473_n.jpg?stp=c17.0.64.64a_cp0_dst-jpg_p64x64&_nc_cat=103&ccb=1-7&_nc_sid=5f2048&_nc_ohc=jyVuNQQtf1oAX-MaO4N&_nc_ht=scontent-ord5-2.xx&oh=00_AfD-QUa1nCG_VAblrXjiuI9aUC5vWy650kfCEFDRKVm3gg&oe=66022D0E,No Description
2020-2023 GMC Sierra & Chevrolet Silverado HD 2500 & 3500 SRW & DRW Dually,https://www.facebook.com/groups/465906565028038/,Private · 5.1K members · 4 posts a day,https://scontent-ord5-1.xx.fbcdn.net/v/t39.30808-6/325341159_703778797972552_7958172099779234976_n.jpg?stp=c0.7.64.64a_cp6_dst-jpg_p64x64&_nc_cat=101&ccb=1-7&_nc_sid=5f2048&_nc_ohc=FGj80Uo1eDkAX9xV7jk&_nc_oc=Adj-jFB5d-hyutE04rhVgdOVzwh1U4Jnwt-gvm_AEew3cjpyccXlCEIcIRZLk8h9ryo&_nc_ht=scontent-ord5-1.xx&oh=00_AfCEhDMALRAxObH-LRzNIeglh1Ei55qBa9lwCL-EjUkvSw&oe=6600DD61,No Description
2020-2023 GMC Sierra & Chevrolet Silverado HD 2500 & 3500 SRW & DRW Dually,https://www.facebook.com/groups/465906565028038/,Private · 5.1K members · 4 posts a day,https://scontent-ord5-1.xx.fbcdn.net/v/t39.30808-6/325341159_703778797972552_7958172099779234976_n.jpg?stp=c0.7.64.64a_cp6_dst-jpg_p64x64&_nc_cat=101&ccb=1-7&_nc_sid=5f2048&_nc_ohc=FGj80Uo1eDkAX9xV7jk&_nc_oc=Adj-jFB5d-hyutE04rhVgdOVzwh1U4Jnwt-gvm_AEew3cjpyccXlCEIcIRZLk8h9ryo&_nc_ht=scontent-ord5-1.xx&oh=00_AfCEhDMALRAxObH-LRzNIeglh1Ei55qBa9lwCL-EjUkvSw&oe=6600DD61,No Description
2020-2024 Ford Tremor F250/F350 Owners,https://www.facebook.com/groups/fordtremor/,Private · 17K members · 8 posts a day,https://scontent-ord5-1.xx.fbcdn.net/v/t39.30808-6/432767325_10226448252215736_874753404115503768_n.jpg?stp=c36.0.64.64a_cp0_dst-jpg_p64x64&_nc_cat=108&ccb=1-7&_nc_sid=5f2048&_nc_ohc=NYmO-TcK4yUAX8wdBXr&_nc_ht=scontent-ord5-1.xx&oh=00_AfAZ_Q8jye9UMFSi_TVZsZHL9UNpSzAEXZeK2dTeieUhfQ&oe=6600921E,Welcome to the 2020-2024 Ford Super Duty Tremor Owners Group! Visit https://www.FordTremor.com for more news and discussions.
2024 GMC Sierra and Chevy Silverado 2500/3500,https://www.facebook.com/groups/3439013429712039/,Private · 14K members · 10+ posts a day,https://scontent-ord5-2.xx.fbcdn.net/v/t39.30808-6/402505356_930101942016812_3704992545014666862_n.jpg?stp=c5.0.64.64a_cp0_dst-jpg_p64x64&_nc_cat=100&ccb=1-7&_nc_sid=5f2048&_nc_ohc=uMxyWvxIgTwAX--qb_n&_nc_ht=scontent-ord5-2.xx&oh=00_AfBW9YCBk8w77Ub0zBNwYsepMa3FT0cp03ovpP5DHL5dvA&oe=66023550,The new 2024 gm 3/4 and 1 ton trucks
2024 GMC Sierra and Chevy Silverado 2500/3500,https://www.facebook.com/groups/3439013429712039/,Private · 14K members · 10+ posts a day,https://scontent-ord5-2.xx.fbcdn.net/v/t39.30808-6/402505356_930101942016812_3704992545014666862_n.jpg?stp=c5.0.64.64a_cp0_dst-jpg_p64x64&_nc_cat=100&ccb=1-7&_nc_sid=5f2048&_nc_ohc=uMxyWvxIgTwAX--qb_n&_nc_ht=scontent-ord5-2.xx&oh=00_AfBW9YCBk8w77Ub0zBNwYsepMa3FT0cp03ovpP5DHL5dvA&oe=66023550,The new 2024 gm 3/4 and 1 ton trucks
2024 Silverado/Sierra 2500/3500 HD,https://www.facebook.com/groups/1468177047325356/,Private · 5.2K members · 10 posts a day,https://scontent-ord5-2.xx.fbcdn.net/v/t39.30808-6/358550849_10223777754579393_8997105587173063938_n.jpg?stp=c9.0.64.64a_cp6_dst-jpg_p64x64&_nc_cat=105&ccb=1-7&_nc_sid=5f2048&_nc_ohc=RStfYl1Pd_gAX_hyEsS&_nc_ht=scontent-ord5-2.xx&oh=00_AfAoNdylAm8-vTBZUBzMhUVKY5p-LPpgXYzFvMyCVRZTpg&oe=6600FAE1,"A group to discuss news, tips, and experiences purchasing and owning refreshed 2500/3500 HD models from 2024 and up."
2024 Silverado/Sierra 2500/3500 HD,https://www.facebook.com/groups/1468177047325356/,Private · 5.2K members · 10 posts a day,https://scontent-ord5-2.xx.fbcdn.net/v/t39.30808-6/358550849_10223777754579393_8997105587173063938_n.jpg?stp=c9.0.64.64a_cp6_dst-jpg_p64x64&_nc_cat=105&ccb=1-7&_nc_sid=5f2048&_nc_ohc=RStfYl1Pd_gAX_hyEsS&_nc_ht=scontent-ord5-2.xx&oh=00_AfAoNdylAm8-vTBZUBzMhUVKY5p-LPpgXYzFvMyCVRZTpg&oe=6600FAE1,"A group to discuss news, tips, and experiences purchasing and owning refreshed 2500/3500 HD models from 2024 and up."
2024+ Chevrolet & GMC 2500/3500HD Trucks,https://www.facebook.com/groups/1367778377098369/,Private · 4.1K members · 2 posts a day,https://scontent-ord5-1.xx.fbcdn.net/v/t39.30808-6/342993737_1397517814138718_318836191552348741_n.jpg?stp=c25.0.64.64a_cp0_dst-jpg_p64x64&_nc_cat=111&ccb=1-7&_nc_sid=5f2048&_nc_ohc=-XrfQnWFsPoAX9bzZrz&_nc_ht=scontent-ord5-1.xx&oh=00_AfATC03qkQwjSiH6OSABY-azw8m6AFh7i9cKXw6AW16mcQ&oe=66014420,All Discussion & Parts related to 2024+ GM HD Trucks!
2024+ Chevrolet & GMC 2500/3500HD Trucks,https://www.facebook.com/groups/1367778377098369/,Private · 4.1K members · 2 posts a day,https://scontent-ord5-1.xx.fbcdn.net/v/t39.30808-6/342993737_1397517814138718_318836191552348741_n.jpg?stp=c25.0.64.64a_cp0_dst-jpg_p64x64&_nc_cat=111&ccb=1-7&_nc_sid=5f2048&_nc_ohc=-XrfQnWFsPoAX9bzZrz&_nc_ht=scontent-ord5-1.xx&oh=00_AfATC03qkQwjSiH6OSABY-azw8m6AFh7i9cKXw6AW16mcQ&oe=66014420,All Discussion & Parts related to 2024+ GM HD Trucks!
2024+ Chevrolet Silverado HD & GMC Sierra HD Owners,https://www.facebook.com/groups/626490695517831/,Private · 2.9K members,https://scontent-ord5-2.xx.fbcdn.net/v/t39.30808-6/347437842_846490923711248_8524815424789925319_n.jpg?stp=c37.0.64.64a_cp0_dst-jpg_p64x64&_nc_cat=107&ccb=1-7&_nc_sid=5f2048&_nc_ohc=NsPGLjHXHqYAX-B9yKB&_nc_ht=scontent-ord5-2.xx&oh=00_AfAW2MBXVdFJ_-nCsBKniNWBuMLhyXXlmiL3Jl7x84QU2g&oe=66008A4D,For all 2024+ Chevy & GMC HD truck owners!
2024+ Chevrolet Silverado HD & GMC Sierra HD Owners,https://www.facebook.com/groups/626490695517831/,Private · 2.9K members,https://scontent-ord5-2.xx.fbcdn.net/v/t39.30808-6/347437842_846490923711248_8524815424789925319_n.jpg?stp=c37.0.64.64a_cp0_dst-jpg_p64x64&_nc_cat=107&ccb=1-7&_nc_sid=5f2048&_nc_ohc=NsPGLjHXHqYAX-B9yKB&_nc_ht=scontent-ord5-2.xx&oh=00_AfAW2MBXVdFJ_-nCsBKniNWBuMLhyXXlmiL3Jl7x84QU2g&oe=66008A4D,For all 2024+ Chevy & GMC HD truck owners!
"6.7, 7.3, 6.2 Superduty F250 F350 F450 F550 2011+ parts Ford buy/sell/trade",https://www.facebook.com/groups/2399571210105563/,Public · 9.2K members · 6 posts a day,https://scontent-ord5-1.xx.fbcdn.net/v/t1.6435-9/56990264_10217062694866939_4769042796835241984_n.jpg?stp=c11.0.64.64a_cp0_dst-jpg_p64x64&_nc_cat=111&ccb=1-7&_nc_sid=5f2048&_nc_ohc=_EHtKPnP08kAX8qFDTG&_nc_ht=scontent-ord5-1.xx&oh=00_AfBHrOJBLiGjaD4X5Q3VkEkh37NyVlJoUkI-l7RZ5wG4kA&oe=662406AF,"Chat. Buy. Sell. Trade. All diesel and gas F250 F350 F450 F550 parts or trucks, 2011 and newer. Add your F250 F350 F450 F550 friends! No B.S. if you don't like the price, don't comment. Absolutely no DPF buyer posts. You will get blocked instantly."
67-72 Ford F100 F250 Trucks and Parts,https://www.facebook.com/groups/1041330122623147/,Private · 8.6K members,https://scontent-ord5-1.xx.fbcdn.net/v/t31.18172-8/13497986_1096975320348973_937113599679600467_o.jpg?stp=c11.0.64.64a_cp0_dst-jpg_p64x64&_nc_cat=108&ccb=1-7&_nc_sid=5f2048&_nc_ohc=4Y7tNNou4MQAX_9kMIy&_nc_ht=scontent-ord5-1.xx&oh=00_AfCEGRijJ5Dtp9ZNvjRld3dg5qTSW-vAkKz938x95F0gUw&oe=662400C8,No Description
67-79 Ford F-250 Group,https://www.facebook.com/groups/fordf250trucks/,Private · 6K members,https://scontent-ord5-2.xx.fbcdn.net/v/t39.30808-6/427946638_7406056186081006_2960970966142508867_n.jpg?stp=c12.0.64.64a_cp0_dst-jpg_p64x64&_nc_cat=105&ccb=1-7&_nc_sid=5f2048&_nc_ohc=KC9H78uavcoAX_2OO1N&_nc_ht=scontent-ord5-2.xx&oh=00_AfDU4N3a1BL_mzeX_uiy-o0TUlwjc_TooR3hIUCoe0A-lA&oe=660250D1,"This group focuses on the F-250, bumpside or dentside. We have a great community that can always answer any questions or to show your rig off to."
67-79 Ford f100 f250 2wd and 4wd Trucks of arizona,https://www.facebook.com/groups/216320722461455/,Public · 106 members,https://scontent-ord5-2.xx.fbcdn.net/v/t1.6435-9/57532963_339574796905347_4641854762067689472_n.jpg?stp=c11.0.64.64a_cp0_dst-jpg_p64x64&_nc_cat=107&ccb=1-7&_nc_sid=5f2048&_nc_ohc=OkIt0evoCsEAX9IbaIf&_nc_ht=scontent-ord5-2.xx&oh=00_AfC1sNDRxk3hR_1DwLUSy3iNJpQgE4ccMEbiaph28fg00A&oe=6624033E,For all that love these old trucks.
88-94 Chevrolet Silverado Questions and marketplace,https://www.facebook.com/groups/480494806346588/,Public · 348 members · 6 posts a month,https://scontent-ord5-1.xx.fbcdn.net/v/t1.6435-9/194676443_540465927115052_753152770692325508_n.jpg?stp=c21.0.64.64a_cp0_dst-jpg_p64x64&_nc_cat=109&ccb=1-7&_nc_sid=5f2048&_nc_ohc=zDD6jYUuLnoAX_2Lzm9&_nc_ht=scontent-ord5-1.xx&oh=00_AfBRBiFeNOrSwTnnuAERmbL5AOFU606DmF78vAxfuPgghQ&oe=6623EB63,No Description
88-94 Chevrolet Silverado Questions and marketplace,https://www.facebook.com/groups/480494806346588/,Public · 348 members · 6 posts a month,https://scontent-ord5-1.xx.fbcdn.net/v/t1.6435-9/194676443_540465927115052_753152770692325508_n.jpg?stp=c21.0.64.64a_cp0_dst-jpg_p64x64&_nc_cat=109&ccb=1-7&_nc_sid=5f2048&_nc_ohc=zDD6jYUuLnoAX_2Lzm9&_nc_ht=scontent-ord5-1.xx&oh=00_AfBRBiFeNOrSwTnnuAERmbL5AOFU606DmF78vAxfuPgghQ&oe=6623EB63,No Description
99-07 Ford F-250 Super Duty Car Owners & Parts for Sale (Buy / Sell / Trade,https://www.facebook.com/groups/1739734139578002/,Public · 8.5K members · 8 posts a month,https://scontent-ord5-2.xx.fbcdn.net/v/t1.6435-9/110315080_3317213158299380_478001283324240798_n.jpg?stp=c19.0.64.64a_cp0_dst-jpg_p64x64&_nc_cat=102&ccb=1-7&_nc_sid=5f2048&_nc_ohc=zNMIqKQPhWsAX-dMOHD&_nc_ht=scontent-ord5-2.xx&oh=00_AfB-NrqvZ5K16HyD_Sp5eEFZ-4AA2FAOQ2977N45hDlIMA&oe=66241119,No Description
CHEVROLET SILVERADO & GMC SIERRA 1500 Z71 OWNERS,https://www.facebook.com/groups/chevroletsilveradogmcsierra1500z71owners/,Private · 2K members,https://scontent-ord5-2.xx.fbcdn.net/v/t39.30808-6/426601121_122115862934200881_4204959859380239477_n.jpg?stp=c29.0.64.64a_cp0_dst-jpg_p64x64&_nc_cat=104&ccb=1-7&_nc_sid=5f2048&_nc_ohc=GrF6f--t7AoAX9s91oU&_nc_ht=scontent-ord5-2.xx&oh=00_AfC_0p6CKON_fVakizSrTXrb-gqmSH4QS__19Q9305O1BA&oe=6600AEBF,2007-2014 (GMT 900 | 4.8L VORTEC 4800 | 5.3L VORTEC 5300 | 6.0L VORTEC 6000 | 6.2L VORTEC 6200 V8) | 2014-2019 (GMT K2XX | 5.3L ECOTEC 3 L83 | 6.2L ECOTEC3 L86 V8) | 2019-2024 CHEVROLET SILVERADO & GMC SIERRA 1500 Z71 (GMT T1XX | 5.3L ECOTEC3 L82 L84 | 6.2L ECOTEC3 L87 V8) OWNERS
CHEVROLET SILVERADO & GMC SIERRA 1500 Z71 OWNERS,https://www.facebook.com/groups/chevroletsilveradogmcsierra1500z71owners/,Private · 2K members,https://scontent-ord5-2.xx.fbcdn.net/v/t39.30808-6/426601121_122115862934200881_4204959859380239477_n.jpg?stp=c29.0.64.64a_cp0_dst-jpg_p64x64&_nc_cat=104&ccb=1-7&_nc_sid=5f2048&_nc_ohc=GrF6f--t7AoAX9s91oU&_nc_ht=scontent-ord5-2.xx&oh=00_AfC_0p6CKON_fVakizSrTXrb-gqmSH4QS__19Q9305O1BA&oe=6600AEBF,2007-2014 (GMT 900 | 4.8L VORTEC 4800 | 5.3L VORTEC 5300 | 6.0L VORTEC 6000 | 6.2L VORTEC 6200 V8) | 2014-2019 (GMT K2XX | 5.3L ECOTEC 3 L83 | 6.2L ECOTEC3 L86 V8) | 2019-2024 CHEVROLET SILVERADO & GMC SIERRA 1500 Z71 (GMT T1XX | 5.3L ECOTEC3 L82 L84 | 6.2L ECOTEC3 L87 V8) OWNERS
CHEVROLET SILVERADO & GMC SIERRA 2500 | 3500 HD OWNERS,https://www.facebook.com/groups/chevroletsilveradogmcsierra25003500hdowners/,Private · 1.2K members · 2 posts a day,https://scontent-ord5-1.xx.fbcdn.net/v/t39.30808-6/421509436_122096034626200881_6021165280887903022_n.png?stp=c29.0.64.64a_cp0_dst-png_p64x64&_nc_cat=108&ccb=1-7&_nc_sid=5f2048&_nc_ohc=0usMpuNrsxAAX_9rJtf&_nc_ht=scontent-ord5-1.xx&oh=00_AfB-ciOnbHyh5EGV30MnfJ9a1kqJIo_2_6nGAkVa31jzGQ&oe=660142F4,2020-2024 CHEVROLET SILVERADO (WT | CUSTOM | LT | LTZ | TRAIL BOSS | ZR2 | HIGH COUNTRY) & GMC SIERRA (PRO | SLE | SLT | AT4 | DENALI) | 2500 | 3500 HD (6.6L L8T V8 | 6.6L L5P DURAMAX V8) OWNERS
CHEVROLET SILVERADO & GMC SIERRA 2500 | 3500 HD OWNERS,https://www.facebook.com/groups/chevroletsilveradogmcsierra25003500hdowners/,Private · 1.2K members · 2 posts a day,https://scontent-ord5-1.xx.fbcdn.net/v/t39.30808-6/421509436_122096034626200881_6021165280887903022_n.png?stp=c29.0.64.64a_cp0_dst-png_p64x64&_nc_cat=108&ccb=1-7&_nc_sid=5f2048&_nc_ohc=0usMpuNrsxAAX_9rJtf&_nc_ht=scontent-ord5-1.xx&oh=00_AfB-ciOnbHyh5EGV30MnfJ9a1kqJIo_2_6nGAkVa31jzGQ&oe=660142F4,2020-2024 CHEVROLET SILVERADO (WT | CUSTOM | LT | LTZ | TRAIL BOSS | ZR2 | HIGH COUNTRY) & GMC SIERRA (PRO | SLE | SLT | AT4 | DENALI) | 2500 | 3500 HD (6.6L L8T V8 | 6.6L L5P DURAMAX V8) OWNERS
Chevrolet & GMC 2500HD 8.1 LITRE,https://www.facebook.com/groups/1874021946187436/,Private · 10K members · 4 posts a day,https://scontent-ord5-2.xx.fbcdn.net/v/t39.30808-6/421475445_7521801871163483_3459185979360626642_n.jpg?stp=c11.0.64.64a_cp0_dst-jpg_p64x64&_nc_cat=107&ccb=1-7&_nc_sid=5f2048&_nc_ohc=NQu8QiNdWPwAX_NSQmc&_nc_ht=scontent-ord5-2.xx&oh=00_AfDnQvRY8ovgdD8eexZfDR-5q1O0_3ga1qklFdOb-TncRQ&oe=6601553C,No Description
Chevrolet Cheyenne Silverado y 400 SS Monterrey,https://www.facebook.com/groups/1698752800198072/,Public · 13K members · 10+ posts a day,https://scontent-ord5-2.xx.fbcdn.net/v/t1.6435-9/73390610_1403851446474086_2672489888938459136_n.jpg?stp=c29.0.64.64a_cp0_dst-jpg_p64x64&_nc_cat=110&ccb=1-7&_nc_sid=5f2048&_nc_ohc=A7W77kqzPuIAX8gygbu&_nc_ht=scontent-ord5-2.xx&oh=00_AfDBQ9d4WfO0DTDNqewDBz8AZKul6NKx4NqTBdjotxz1bg&oe=662407A8,No Description
Chevrolet Cheyenne Silverado y 400 SS Monterrey,https://www.facebook.com/groups/1698752800198072/,Public · 13K members · 10+ posts a day,https://scontent-ord5-2.xx.fbcdn.net/v/t1.6435-9/73390610_1403851446474086_2672489888938459136_n.jpg?stp=c29.0.64.64a_cp0_dst-jpg_p64x64&_nc_cat=110&ccb=1-7&_nc_sid=5f2048&_nc_ohc=A7W77kqzPuIAX8gygbu&_nc_ht=scontent-ord5-2.xx&oh=00_AfDBQ9d4WfO0DTDNqewDBz8AZKul6NKx4NqTBdjotxz1bg&oe=662407A8,No Description
Chevrolet Colorado / Silverado Nation,https://www.facebook.com/groups/ChevroletColoradoNation/,Private · 6.9K members,https://scontent-ord5-1.xx.fbcdn.net/v/t1.6435-9/35102745_1019048578252864_377083637369143296_n.jpg?stp=c34.0.64.64a_cp0_dst-jpg_p64x64&_nc_cat=108&ccb=1-7&_nc_sid=5f2048&_nc_ohc=2mH3OEdkxyIAX-Kecds&_nc_ht=scontent-ord5-1.xx&oh=00_AfBSBenesY5o_RqSY2m4e4Qgo9HkOxWUdEtT_3Wqsyc_bg&oe=6623FBFF,"Chevrolet Colorado / Silverado Nation is a place to owners to talk about Chevrolet Colorado's and / Silverado's plus share photos, story's and mods..."
Chevrolet Colorado / Silverado Nation,https://www.facebook.com/groups/ChevroletColoradoNation/,Private · 6.9K members,https://scontent-ord5-1.xx.fbcdn.net/v/t1.6435-9/35102745_1019048578252864_377083637369143296_n.jpg?stp=c34.0.64.64a_cp0_dst-jpg_p64x64&_nc_cat=108&ccb=1-7&_nc_sid=5f2048&_nc_ohc=2mH3OEdkxyIAX-Kecds&_nc_ht=scontent-ord5-1.xx&oh=00_AfBSBenesY5o_RqSY2m4e4Qgo9HkOxWUdEtT_3Wqsyc_bg&oe=6623FBFF,"Chevrolet Colorado / Silverado Nation is a place to owners to talk about Chevrolet Colorado's and / Silverado's plus share photos, story's and mods..."
Chevrolet Silverado,https://www.facebook.com/groups/293153831051703/,Public · 5.9K members · 8 posts a day,https://scontent-ord5-2.xx.fbcdn.net/v/t31.18172-8/14107638_652226908274620_1358395938484830520_o.jpg?stp=c16.0.64.64a_cp0_dst-jpg_p64x64&_nc_cat=102&ccb=1-7&_nc_sid=5f2048&_nc_ohc=GrXAnuCMsj0AX_NIqF4&_nc_ht=scontent-ord5-2.xx&oh=00_AfDemUinL7MXfWpylTzcIFOYVu7elQ8GNTaCXXSyajoQcg&oe=6623F665,No Description
Chevrolet Silverado,https://www.facebook.com/groups/293153831051703/,Public · 5.9K members · 8 posts a day,https://scontent-ord5-2.xx.fbcdn.net/v/t31.18172-8/14107638_652226908274620_1358395938484830520_o.jpg?stp=c16.0.64.64a_cp0_dst-jpg_p64x64&_nc_cat=102&ccb=1-7&_nc_sid=5f2048&_nc_ohc=GrXAnuCMsj0AX_NIqF4&_nc_ht=scontent-ord5-2.xx&oh=00_AfDemUinL7MXfWpylTzcIFOYVu7elQ8GNTaCXXSyajoQcg&oe=6623F665,No Description
Chevrolet Silverado & GMC Sierra stock trucks,https://www.facebook.com/groups/325028445385285/,Public · 8.8K members · 8 posts a month,https://scontent-ord5-2.xx.fbcdn.net/v/t39.30808-6/310801984_10166718577065223_1483319300354574381_n.jpg?stp=c25.0.64.64a_cp0_dst-jpg_p64x64&_nc_cat=107&ccb=1-7&_nc_sid=5f2048&_nc_ohc=qcILxuO-XgsAX__U1FJ&_nc_ht=scontent-ord5-2.xx&oh=00_AfDOyJrjP2h03mPUGzZS6HiFlNseoG3pcQmKM39DU1PJvg&oe=66008CD1,"2014-2023 Chevrolet Silverado & GMC Sierra stock trucks. No lift, no level, no spacers, no transmission delete. This group is for those with stock trucks. Trucks for work, not for show."
Chevrolet Silverado & GMC Sierra stock trucks,https://www.facebook.com/groups/325028445385285/,Public · 8.8K members · 8 posts a month,https://scontent-ord5-2.xx.fbcdn.net/v/t39.30808-6/310801984_10166718577065223_1483319300354574381_n.jpg?stp=c25.0.64.64a_cp0_dst-jpg_p64x64&_nc_cat=107&ccb=1-7&_nc_sid=5f2048&_nc_ohc=qcILxuO-XgsAX__U1FJ&_nc_ht=scontent-ord5-2.xx&oh=00_AfDOyJrjP2h03mPUGzZS6HiFlNseoG3pcQmKM39DU1PJvg&oe=66008CD1,"2014-2023 Chevrolet Silverado & GMC Sierra stock trucks. No lift, no level, no spacers, no transmission delete. This group is for those with stock trucks. Trucks for work, not for show."
Chevrolet Silverado (Cat Eye Edition),https://www.facebook.com/groups/1656333067987852/,Private · 56K members · 8 posts a day,https://scontent-ord5-2.xx.fbcdn.net/v/t1.6435-9/120273941_1859161320889201_1483247346266810666_n.jpg?stp=c25.0.64.64a_cp0_dst-jpg_p64x64&_nc_cat=102&ccb=1-7&_nc_sid=5f2048&_nc_ohc=oicRenP8zz0AX8g6OH4&_nc_ht=scontent-ord5-2.xx&oh=00_AfBuAc0wp-FQyRHjvzMpHR1D9Pq76ZpiNayqw0hMolXZNA&oe=662417E7,This Group is for all the fans and owners of the 03-06 Cat Eyes Most Dependable Longest Lasting Chevy Silverados Avalanches and if you believe they’re truely (Like A Rock) and are apart of a (American Revolution) then come join this group we are all about 03- 07 Classic silverados come here to show yours off ask questions if your having a issue with it https://www.facebook.com/chevysilveradocateyeedtionlikearock/ our fan page https://www.facebook.com/groups/1032578926809499/ our group selling page
Chevrolet Silverado (Cat Eye Edition),https://www.facebook.com/groups/1656333067987852/,Private · 56K members · 8 posts a day,https://scontent-ord5-2.xx.fbcdn.net/v/t1.6435-9/120273941_1859161320889201_1483247346266810666_n.jpg?stp=c25.0.64.64a_cp0_dst-jpg_p64x64&_nc_cat=102&ccb=1-7&_nc_sid=5f2048&_nc_ohc=oicRenP8zz0AX8g6OH4&_nc_ht=scontent-ord5-2.xx&oh=00_AfBuAc0wp-FQyRHjvzMpHR1D9Pq76ZpiNayqw0hMolXZNA&oe=662417E7,This Group is for all the fans and owners of the 03-06 Cat Eyes Most Dependable Longest Lasting Chevy Silverados Avalanches and if you believe they’re truely (Like A Rock) and are apart of a (American Revolution) then come join this group we are all about 03- 07 Classic silverados come here to show yours off ask questions if your having a issue with it https://www.facebook.com/chevysilveradocateyeedtionlikearock/ our fan page https://www.facebook.com/groups/1032578926809499/ our group selling page
Chevrolet Silverado 1500 2500 3500 For Sale (TX),https://www.facebook.com/groups/137885038484992/,Public · 7.2K members · 8 posts a month,https://scontent-ord5-1.xx.fbcdn.net/v/t39.30808-6/288485936_1112438686287190_7788146853265769988_n.jpg?stp=c11.0.64.64a_cp0_dst-jpg_p64x64&_nc_cat=108&ccb=1-7&_nc_sid=5f2048&_nc_ohc=gddv3DqfqPIAX_sTG5e&_nc_ht=scontent-ord5-1.xx&oh=00_AfA0jj5IgTE7sqzXxURthZLXYgXdcvW1adMz7OMNyH28uQ&oe=6600EE03,Got a Truck to sell? post it and see if you get offers!!
Chevrolet Silverado 1500 2500 3500 For Sale (TX),https://www.facebook.com/groups/137885038484992/,Public · 7.2K members · 8 posts a month,https://scontent-ord5-1.xx.fbcdn.net/v/t39.30808-6/288485936_1112438686287190_7788146853265769988_n.jpg?stp=c11.0.64.64a_cp0_dst-jpg_p64x64&_nc_cat=108&ccb=1-7&_nc_sid=5f2048&_nc_ohc=gddv3DqfqPIAX_sTG5e&_nc_ht=scontent-ord5-1.xx&oh=00_AfA0jj5IgTE7sqzXxURthZLXYgXdcvW1adMz7OMNyH28uQ&oe=6600EE03,Got a Truck to sell? post it and see if you get offers!!
Chevrolet Silverado 1500/2500,https://www.facebook.com/groups/305643765624534/,Public · 11K members · 10+ posts a day,https://scontent-ord5-2.xx.fbcdn.net/v/t39.30808-6/402878435_2041559882865822_5658104784241960648_n.jpg?stp=c16.0.64.64a_cp0_dst-jpg_p64x64&_nc_cat=104&ccb=1-7&_nc_sid=5f2048&_nc_ohc=RgaLIKBGlGkAX__5QEc&_nc_ht=scontent-ord5-2.xx&oh=00_AfC_SVZ5wJgkt0vR0r6nterqW2nOxk6LE4GH6uexFueg0A&oe=66020305,This group is for silverado owners or lovers to chat and discuss things related to there silverado1500/2500 or trailboss
Chevrolet Silverado 1500/2500,https://www.facebook.com/groups/1121371712644184/,Public · 43 members · 20 posts a year,https://scontent-ord5-1.xx.fbcdn.net/v/t39.30808-6/421121087_273853912379605_3172386700416730716_n.jpg?stp=c10.0.64.64a_cp0_dst-jpg_p64x64&_nc_cat=106&ccb=1-7&_nc_sid=5f2048&_nc_ohc=t_pRMqRCl_MAX-tyiiL&_nc_ht=scontent-ord5-1.xx&oh=00_AfDEGaL4KTv_QVVmebbroJF_vyAam9VKAsU3F6VsAmZdKQ&oe=66019FB4,No Description
Chevrolet Silverado 1500/2500,https://www.facebook.com/groups/305643765624534/,Public · 11K members · 10+ posts a day,https://scontent-ord5-2.xx.fbcdn.net/v/t39.30808-6/402878435_2041559882865822_5658104784241960648_n.jpg?stp=c16.0.64.64a_cp0_dst-jpg_p64x64&_nc_cat=104&ccb=1-7&_nc_sid=5f2048&_nc_ohc=RgaLIKBGlGkAX__5QEc&_nc_ht=scontent-ord5-2.xx&oh=00_AfC_SVZ5wJgkt0vR0r6nterqW2nOxk6LE4GH6uexFueg0A&oe=66020305,This group is for silverado owners or lovers to chat and discuss things related to there silverado1500/2500 or trailboss
Chevrolet Silverado 2022-24,https://www.facebook.com/groups/933336901402671/,Private · 2 members,https://scontent-ord5-1.xx.fbcdn.net/v/t39.30808-6/432564732_262200383603208_7836657985427669219_n.jpg?stp=c25.0.64.64a_cp0_dst-jpg_p64x64&_nc_cat=108&ccb=1-7&_nc_sid=5f2048&_nc_ohc=5IHsqZamy7AAX8jlcS7&_nc_ht=scontent-ord5-1.xx&oh=00_AfAxzGfGTfxvS_IPyETwD-2CvkpqSXRf1WkQrd59Dsjg-w&oe=6601B110,"This full redesign of the 2022 model year Chevy Silverado does not include the LTD (the old body style Silverado 1500) The redesigned 2022 Silverado has a fully redesigned interior on the higher trims of the Silverado 1500 etc. LT, High Country, LTZ , and ZR2/ZR2 Bison"
Chevrolet Silverado 2500 Owners Australia,https://www.facebook.com/groups/2369869743147747/,Private · 4.8K members · 3 posts a day,https://scontent-ord5-2.xx.fbcdn.net/v/t39.30808-6/361408487_10227164963644806_3608837514527039872_n.jpg?stp=c18.0.64.64a_cp0_dst-jpg_p64x64&_nc_cat=102&ccb=1-7&_nc_sid=5f2048&_nc_ohc=m7oWWJfgB7QAX-oWuDk&_nc_ht=scontent-ord5-2.xx&oh=00_AfCbg_PHWdBnHPY3DBhcleV_MkJj2aXt-2avk4CyH0i72A&oe=6601FEF3,No Description
Chevrolet Silverado 2500 Owners Australia,https://www.facebook.com/groups/2369869743147747/,Private · 4.8K members · 3 posts a day,https://scontent-ord5-2.xx.fbcdn.net/v/t39.30808-6/361408487_10227164963644806_3608837514527039872_n.jpg?stp=c18.0.64.64a_cp0_dst-jpg_p64x64&_nc_cat=102&ccb=1-7&_nc_sid=5f2048&_nc_ohc=m7oWWJfgB7QAX-oWuDk&_nc_ht=scontent-ord5-2.xx&oh=00_AfCbg_PHWdBnHPY3DBhcleV_MkJj2aXt-2avk4CyH0i72A&oe=6601FEF3,No Description
Chevrolet Silverado Accessories,https://www.facebook.com/groups/3564775567110293/,Public · 815 members · 8 posts a month,https://scontent-ord5-2.xx.fbcdn.net/v/t39.30808-6/404582846_288328747533127_2315317630644023071_n.jpg?stp=c26.0.64.64a_cp0_dst-jpg_p64x64&_nc_cat=107&ccb=1-7&_nc_sid=5f2048&_nc_ohc=AswDj8Rx96UAX8tzO5T&_nc_ht=scontent-ord5-2.xx&oh=00_AfDu7c53o_d7-ZAz0h6hSCXckVp_GuSkfgPqjYUuCx0BkA&oe=66026C8C,Join us! Connect with fellow enthusiasts and discover the latest mods and upgrades for your Chevrolet Silverado
Chevrolet Silverado Accessories,https://www.facebook.com/groups/3564775567110293/,Public · 815 members · 8 posts a month,https://scontent-ord5-2.xx.fbcdn.net/v/t39.30808-6/404582846_288328747533127_2315317630644023071_n.jpg?stp=c26.0.64.64a_cp0_dst-jpg_p64x64&_nc_cat=107&ccb=1-7&_nc_sid=5f2048&_nc_ohc=AswDj8Rx96UAX8tzO5T&_nc_ht=scontent-ord5-2.xx&oh=00_AfDu7c53o_d7-ZAz0h6hSCXckVp_GuSkfgPqjYUuCx0BkA&oe=66026C8C,Join us! Connect with fellow enthusiasts and discover the latest mods and upgrades for your Chevrolet Silverado
Chevrolet Silverado Car Owners,https://www.facebook.com/groups/817868046289910/,Public · 112 members · 2 posts a month,https://scontent-ord5-1.xx.fbcdn.net/v/t39.30808-6/428608391_420395730335420_1652637089682142122_n.jpg?stp=c11.0.64.64a_cp0_dst-jpg_p64x64&_nc_cat=111&ccb=1-7&_nc_sid=5f2048&_nc_ohc=QqsHetD6XgoAX-LXQxk&_nc_ht=scontent-ord5-1.xx&oh=00_AfCgab7clFkf71RIjGebD2wpWM5AZz6Ck5RY8uJGeLMSFg&oe=6600B982,Chevrolet Silverado Car Owners
Chevrolet Silverado EV/GMC Sierra EV Owners,https://www.facebook.com/groups/4006266286145854/,Public · 2.5K members · 8 posts a month,https://scontent-ord5-2.xx.fbcdn.net/v/t39.30808-6/344375207_1011400246493402_3551707362116057877_n.png?stp=c33.0.64.64a_cp0_dst-png_p64x64&_nc_cat=103&ccb=1-7&_nc_sid=5f2048&_nc_ohc=A5jepk4KnFgAX8TDajq&_nc_ht=scontent-ord5-2.xx&oh=00_AfCY8jDv4N6g3zfIfHqGCkdEyUq2KHgaQpctLweaXKjEIg&oe=6601F88D,Dedicated to discussion and information about the GM Silverado and Sierra electric trucks
Chevrolet Silverado Inc.,https://www.facebook.com/groups/407000036107632/,Public · 7.2K members · 10 posts a day,https://scontent-ord5-1.xx.fbcdn.net/v/t31.18172-8/1658484_872305769461760_5507834906880310383_o.jpg?stp=c16.0.64.64a_cp0_dst-jpg_p64x64&_nc_cat=106&ccb=1-7&_nc_sid=5f2048&_nc_ohc=p0lj3NPWsT4AX8T0VI8&_nc_ht=scontent-ord5-1.xx&oh=00_AfCNPa9g_NnNHguh8Qs0y4d14vbHla8F3Ep15y9ZfdZ7aw&oe=6623F6E8,"Share your ride, tips, upgrades, mechanic help. Sell any Chevy Silverado accessories you want to part with."
Chevrolet Silverado Inc.,https://www.facebook.com/groups/407000036107632/,Public · 7.2K members · 10 posts a day,https://scontent-ord5-1.xx.fbcdn.net/v/t31.18172-8/1658484_872305769461760_5507834906880310383_o.jpg?stp=c16.0.64.64a_cp0_dst-jpg_p64x64&_nc_cat=106&ccb=1-7&_nc_sid=5f2048&_nc_ohc=p0lj3NPWsT4AX8T0VI8&_nc_ht=scontent-ord5-1.xx&oh=00_AfCNPa9g_NnNHguh8Qs0y4d14vbHla8F3Ep15y9ZfdZ7aw&oe=6623F6E8,"Share your ride, tips, upgrades, mechanic help. Sell any Chevy Silverado accessories you want to part with."
Chevrolet Silverado LT Group,https://www.facebook.com/groups/160053404696808/,Public · 38 members,https://scontent-ord5-2.xx.fbcdn.net/v/t1.30497-1/116687302_959241714549285_318408173653384421_n.jpg?stp=cp0_dst-jpg_p60x60&_nc_cat=1&ccb=1-7&_nc_sid=5f2048&_nc_ohc=_AiauEvJT5MAX8QWnAJ&_nc_ht=scontent-ord5-2.xx&oh=00_AfAUMoZqf9eE1esXlxAcqsqbLoo1n99fZHEP7zV3MHrH7A&oe=662409C3,No Description
Chevrolet Silverado LT Group,https://www.facebook.com/groups/160053404696808/,Public · 38 members,https://scontent-ord5-2.xx.fbcdn.net/v/t1.30497-1/116687302_959241714549285_318408173653384421_n.jpg?stp=cp0_dst-jpg_p60x60&_nc_cat=1&ccb=1-7&_nc_sid=5f2048&_nc_ohc=_AiauEvJT5MAX8QWnAJ&_nc_ht=scontent-ord5-2.xx&oh=00_AfAUMoZqf9eE1esXlxAcqsqbLoo1n99fZHEP7zV3MHrH7A&oe=662409C3,No Description
Chevrolet Silverado Owners Australia,https://www.facebook.com/groups/1599714703573767/,Private · 15K members · 5 posts a day,https://scontent-ord5-1.xx.fbcdn.net/v/t39.30808-6/372680633_10161001429962390_4856685539628749743_n.jpg?stp=c25.0.64.64a_cp0_dst-jpg_p64x64&_nc_cat=101&ccb=1-7&_nc_sid=5f2048&_nc_ohc=ArDWNDwP1yUAX_WjBfa&_nc_ht=scontent-ord5-1.xx&oh=00_AfCcN1i_YsiO-JND8sEuSsmWdKRi7SCyvJW4-THZiKDIlw&oe=660102ED,Welcome to the Chevrolet Silverado Owners Australia group. I created this group a few years ago to allow people to share their experiences and knowledge about these great American pickup trucks. Please feel free to discuss anything about your Chevrolet/GMC trucks and also post anything truck related. For sale/wanted to buy posts are fine as long as it is truck related. (NO business/commercial ads)
Chevrolet Silverado Owners Australia,https://www.facebook.com/groups/1599714703573767/,Private · 15K members · 5 posts a day,https://scontent-ord5-1.xx.fbcdn.net/v/t39.30808-6/372680633_10161001429962390_4856685539628749743_n.jpg?stp=c25.0.64.64a_cp0_dst-jpg_p64x64&_nc_cat=101&ccb=1-7&_nc_sid=5f2048&_nc_ohc=ArDWNDwP1yUAX_WjBfa&_nc_ht=scontent-ord5-1.xx&oh=00_AfCcN1i_YsiO-JND8sEuSsmWdKRi7SCyvJW4-THZiKDIlw&oe=660102ED,Welcome to the Chevrolet Silverado Owners Australia group. I created this group a few years ago to allow people to share their experiences and knowledge about these great American pickup trucks. Please feel free to discuss anything about your Chevrolet/GMC trucks and also post anything truck related. For sale/wanted to buy posts are fine as long as it is truck related. (NO business/commercial ads)
Chevrolet Silverado Trail Boss,https://www.facebook.com/groups/569167861157915/,Private · 253 members,https://scontent-ord5-2.xx.fbcdn.net/v/t39.30808-6/395322107_10233410193343411_5455076845271320179_n.jpg?stp=c11.0.64.64a_cp6_dst-jpg_p64x64&_nc_cat=104&ccb=1-7&_nc_sid=5f2048&_nc_ohc=5LcmeX0yFDIAX9nQFIQ&_nc_ht=scontent-ord5-2.xx&oh=00_AfAjaHcWbmuS4VZQvNRV9jGuvMD4cpTINyepbxeA_HwSfA&oe=66019E4F,No Description
Chevrolet Silverado Trail Boss,https://www.facebook.com/groups/569167861157915/,Private · 253 members,https://scontent-ord5-2.xx.fbcdn.net/v/t39.30808-6/395322107_10233410193343411_5455076845271320179_n.jpg?stp=c11.0.64.64a_cp6_dst-jpg_p64x64&_nc_cat=104&ccb=1-7&_nc_sid=5f2048&_nc_ohc=5LcmeX0yFDIAX9nQFIQ&_nc_ht=scontent-ord5-2.xx&oh=00_AfAjaHcWbmuS4VZQvNRV9jGuvMD4cpTINyepbxeA_HwSfA&oe=66019E4F,No Description
Chevrolet Silverado Trail Boss,https://www.facebook.com/groups/674562599604554/,Private · 18K members · 10 posts a day,https://scontent-ord5-2.xx.fbcdn.net/v/t1.6435-9/192228091_2800876826894101_2083416292201563828_n.jpg?stp=c11.0.64.64a_cp0_dst-jpg_p64x64&_nc_cat=110&ccb=1-7&_nc_sid=5f2048&_nc_ohc=L1LRH4r9SQ0AX8DAkMh&_nc_oc=Adj5G9ZH08CQ1-cYJKzmlFaHQ78EXxX2lJaHal_h4x4Fm62z21RFAdNsjqi2BpXIkT4&_nc_ht=scontent-ord5-2.xx&oh=00_AfA1N5ExQ5llii7UhMs_WuYOdawKbEiBjI6rr7AdrXgfHg&oe=66240CB2,"Just some Chevy Truck enthusiasts who own the new Silverado Trail Boss. Trying to keep this a positive group to share ideas, stories and customs mods to these new trucks!"
Chevrolet Silverado Trail Boss,https://www.facebook.com/groups/674562599604554/,Private · 18K members · 10 posts a day,https://scontent-ord5-2.xx.fbcdn.net/v/t1.6435-9/192228091_2800876826894101_2083416292201563828_n.jpg?stp=c11.0.64.64a_cp0_dst-jpg_p64x64&_nc_cat=110&ccb=1-7&_nc_sid=5f2048&_nc_ohc=L1LRH4r9SQ0AX8DAkMh&_nc_oc=Adj5G9ZH08CQ1-cYJKzmlFaHQ78EXxX2lJaHal_h4x4Fm62z21RFAdNsjqi2BpXIkT4&_nc_ht=scontent-ord5-2.xx&oh=00_AfA1N5ExQ5llii7UhMs_WuYOdawKbEiBjI6rr7AdrXgfHg&oe=66240CB2,"Just some Chevy Truck enthusiasts who own the new Silverado Trail Boss. Trying to keep this a positive group to share ideas, stories and customs mods to these new trucks!"
Chevrolet Silverado Trail Boss CANADA,https://www.facebook.com/groups/2500395123333724/,Private · 841 members,https://scontent-ord5-2.xx.fbcdn.net/v/t39.30808-6/355611227_10167681687495177_4913759312914071677_n.jpg?stp=c11.0.64.64a_cp0_dst-jpg_p64x64&_nc_cat=103&ccb=1-7&_nc_sid=5f2048&_nc_ohc=xZGI5D_BcZUAX_zodCM&_nc_ht=scontent-ord5-2.xx&oh=00_AfDAWSAVpePzZ0YOha97sWd21gsrRjhXNRzVIkeBxhwwPw&oe=66010541,"This group is for Chevrolet Silverado Trail Boss Owners to discuss our awesome trucks , both official languages are acepted and any disrespect of any languages will not be tolerated. Ce groupe est fait pour les propriétaire de Chevrolet Silverado Trail Boss afin, de discuté de nos belles machine, les deux langues sont acepté and aucun manque de respect en vers les deux langues sera toléré."
Chevrolet Silverado Trail Boss CANADA,https://www.facebook.com/groups/2500395123333724/,Private · 841 members,https://scontent-ord5-2.xx.fbcdn.net/v/t39.30808-6/355611227_10167681687495177_4913759312914071677_n.jpg?stp=c11.0.64.64a_cp0_dst-jpg_p64x64&_nc_cat=103&ccb=1-7&_nc_sid=5f2048&_nc_ohc=xZGI5D_BcZUAX_zodCM&_nc_ht=scontent-ord5-2.xx&oh=00_AfDAWSAVpePzZ0YOha97sWd21gsrRjhXNRzVIkeBxhwwPw&oe=66010541,"This group is for Chevrolet Silverado Trail Boss Owners to discuss our awesome trucks , both official languages are acepted and any disrespect of any languages will not be tolerated. Ce groupe est fait pour les propriétaire de Chevrolet Silverado Trail Boss afin, de discuté de nos belles machine, les deux langues sont acepté and aucun manque de respect en vers les deux langues sera toléré."
Chevrolet Silverado Z71 1500 Group,https://www.facebook.com/groups/161019337938029/,Public · 303 members · 4 posts a year,https://scontent-ord5-2.xx.fbcdn.net/v/t39.30808-6/422334197_122097923492197736_2425056444624828714_n.jpg?stp=c25.0.64.64a_cp0_dst-jpg_p64x64&_nc_cat=103&ccb=1-7&_nc_sid=5f2048&_nc_ohc=T6_gememW2kAX_DyJnf&_nc_ht=scontent-ord5-2.xx&oh=00_AfAzySQWtVp-VzADGQcy_qBBOXS3-ow3XO695XfrEV1JPg&oe=6601D44E,join our Chevrolet Silverado Z71 1500 Group family
Chevrolet Silverado Z71 1500 Group,https://www.facebook.com/groups/161019337938029/,Public · 303 members · 4 posts a year,https://scontent-ord5-2.xx.fbcdn.net/v/t39.30808-6/422334197_122097923492197736_2425056444624828714_n.jpg?stp=c25.0.64.64a_cp0_dst-jpg_p64x64&_nc_cat=103&ccb=1-7&_nc_sid=5f2048&_nc_ohc=T6_gememW2kAX_DyJnf&_nc_ht=scontent-ord5-2.xx&oh=00_AfAzySQWtVp-VzADGQcy_qBBOXS3-ow3XO695XfrEV1JPg&oe=6601D44E,join our Chevrolet Silverado Z71 1500 Group family
Chevrolet Silverado ZR2,https://www.facebook.com/groups/silveradozr2/,Private · 5.3K members · 5 posts a day,https://scontent-ord5-1.xx.fbcdn.net/v/t39.30808-6/384243944_10102406562376827_5999355397877476140_n.jpg?stp=c37.0.64.64a_cp0_dst-jpg_p64x64&_nc_cat=108&ccb=1-7&_nc_sid=5f2048&_nc_ohc=wTtMy37VtkEAX-MNCE5&_nc_ht=scontent-ord5-1.xx&oh=00_AfBrNdDMNQOOqJ38fg7Yxh-_qZxdih858sKfjM2f9u338g&oe=6600A237,The official group to discuss the future off-road focused Silverado ZR2. Rumored to debut as a 2022 model. Brought to you by GM-Trucks.com
Chevrolet Silverado ZR2,https://www.facebook.com/groups/silveradozr2/,Private · 5.3K members · 5 posts a day,https://scontent-ord5-1.xx.fbcdn.net/v/t39.30808-6/384243944_10102406562376827_5999355397877476140_n.jpg?stp=c37.0.64.64a_cp0_dst-jpg_p64x64&_nc_cat=108&ccb=1-7&_nc_sid=5f2048&_nc_ohc=wTtMy37VtkEAX-MNCE5&_nc_ht=scontent-ord5-1.xx&oh=00_AfBrNdDMNQOOqJ38fg7Yxh-_qZxdih858sKfjM2f9u338g&oe=6600A237,The official group to discuss the future off-road focused Silverado ZR2. Rumored to debut as a 2022 model. Brought to you by GM-Trucks.com
Chevrolet Silverado ZR2,https://www.facebook.com/groups/438647000766995/,Public · 10K members · 7 posts a day,https://scontent-ord5-2.xx.fbcdn.net/v/t1.6435-9/172576058_3974550932593204_816365604694559957_n.jpg?stp=c14.0.64.64a_cp0_dst-jpg_p64x64&_nc_cat=104&ccb=1-7&_nc_sid=5f2048&_nc_ohc=bDrDh6kXN-EAX-HRmPG&_nc_ht=scontent-ord5-2.xx&oh=00_AfCcrxgWTRzhJw1XkrkWikNa7wuhIw3wYNInLurdNw0M0g&oe=66241714,Chevrolet Silverado ZR2 Owners and Enthusiasts
Chevrolet Silverado ZR2,https://www.facebook.com/groups/438647000766995/,Public · 10K members · 7 posts a day,https://scontent-ord5-2.xx.fbcdn.net/v/t1.6435-9/172576058_3974550932593204_816365604694559957_n.jpg?stp=c14.0.64.64a_cp0_dst-jpg_p64x64&_nc_cat=104&ccb=1-7&_nc_sid=5f2048&_nc_ohc=bDrDh6kXN-EAX-HRmPG&_nc_ht=scontent-ord5-2.xx&oh=00_AfCcrxgWTRzhJw1XkrkWikNa7wuhIw3wYNInLurdNw0M0g&oe=66241714,Chevrolet Silverado ZR2 Owners and Enthusiasts
Chevrolet Silverado and GMC Sierra MODS,https://www.facebook.com/groups/370010424527633/,Private · 38K members · 10 posts a day,https://scontent-ord5-2.xx.fbcdn.net/v/t39.30808-6/432417051_10224504047770373_2023945281013280218_n.jpg?stp=c11.0.64.64a_cp0_dst-jpg_p64x64&_nc_cat=107&ccb=1-7&_nc_sid=5f2048&_nc_ohc=tnzu8sB1kzAAX-HtPLv&_nc_ht=scontent-ord5-2.xx&oh=00_AfCYc8z6Zd-ILmO_dvZouZpr8FG08o1kMu2McwNIOcjhbw&oe=660083FD,"All and every mod for Chevrolet Silverado’s and GMC Sierra’s, whether it’s custom, eBay, shop installed or even for y’all DIY’ers… Single cabs, Double cabs, Crew cabs 1500’s, 2500’s, 3500’s, if you have anything bigger than a 3500, let’s see it! ALL trim levels welcome!!!!"
Chevrolet Silverado and GMC Sierra MODS,https://www.facebook.com/groups/370010424527633/,Private · 38K members · 10 posts a day,https://scontent-ord5-2.xx.fbcdn.net/v/t39.30808-6/432417051_10224504047770373_2023945281013280218_n.jpg?stp=c11.0.64.64a_cp0_dst-jpg_p64x64&_nc_cat=107&ccb=1-7&_nc_sid=5f2048&_nc_ohc=tnzu8sB1kzAAX-HtPLv&_nc_ht=scontent-ord5-2.xx&oh=00_AfCYc8z6Zd-ILmO_dvZouZpr8FG08o1kMu2McwNIOcjhbw&oe=660083FD,"All and every mod for Chevrolet Silverado’s and GMC Sierra’s, whether it’s custom, eBay, shop installed or even for y’all DIY’ers… Single cabs, Double cabs, Crew cabs 1500’s, 2500’s, 3500’s, if you have anything bigger than a 3500, let’s see it! ALL trim levels welcome!!!!"
Chevrolet Silverado/GMC Sierra 2500 and 3500 sell trade,https://www.facebook.com/groups/765218972099814/,Private · 3 members,https://scontent-ord5-1.xx.fbcdn.net/v/t39.30808-6/411092689_208388475651066_2072251819717485639_n.jpg?stp=c11.0.64.64a_cp0_dst-jpg_p64x64&_nc_cat=108&ccb=1-7&_nc_sid=5f2048&_nc_ohc=Fbne7jC0QSkAX_8owMJ&_nc_ht=scontent-ord5-1.xx&oh=00_AfAPa5Mnh_K8XXq44ybTVQgzTO_fg2Jy-19lGKuwv1izeA&oe=660249F6,No Description
Chevrolet Silverado/GMC Sierra 2500 and 3500 sell trade,https://www.facebook.com/groups/765218972099814/,Private · 3 members,https://scontent-ord5-1.xx.fbcdn.net/v/t39.30808-6/411092689_208388475651066_2072251819717485639_n.jpg?stp=c11.0.64.64a_cp0_dst-jpg_p64x64&_nc_cat=108&ccb=1-7&_nc_sid=5f2048&_nc_ohc=Fbne7jC0QSkAX_8owMJ&_nc_ht=scontent-ord5-1.xx&oh=00_AfAPa5Mnh_K8XXq44ybTVQgzTO_fg2Jy-19lGKuwv1izeA&oe=660249F6,No Description
Chevy Silverado 1500/2500/3500 Nation and GMC too.,https://www.facebook.com/groups/714731556403724/,Private · 3.8K members · 5 posts a day,https://scontent-ord5-2.xx.fbcdn.net/v/t39.30808-6/426145658_6649933235108619_5220989398677957664_n.jpg?stp=c20.0.64.64a_cp0_dst-jpg_p64x64&_nc_cat=102&ccb=1-7&_nc_sid=5f2048&_nc_ohc=_HbiddRoAOwAX-KsDm8&_nc_oc=Adgwns3J5mlmL-vpyF_FQAi4zbuxxzHKxsKV0z9uP9WtGiTYmOabPwncl5Pki08zReo&_nc_ht=scontent-ord5-2.xx&oh=00_AfCKLhg07lyWfy22ABN-FYEfaay7Qcx0KFzf8eqqCnsvlA&oe=66015B5D,Chevrolet Silverado/ GMC truck enthusiasts
Chevy Silverado 1500/2500/3500 Nation and GMC too.,https://www.facebook.com/groups/714731556403724/,Private · 3.8K members · 5 posts a day,https://scontent-ord5-2.xx.fbcdn.net/v/t39.30808-6/426145658_6649933235108619_5220989398677957664_n.jpg?stp=c20.0.64.64a_cp0_dst-jpg_p64x64&_nc_cat=102&ccb=1-7&_nc_sid=5f2048&_nc_ohc=_HbiddRoAOwAX-KsDm8&_nc_oc=Adgwns3J5mlmL-vpyF_FQAi4zbuxxzHKxsKV0z9uP9WtGiTYmOabPwncl5Pki08zReo&_nc_ht=scontent-ord5-2.xx&oh=00_AfCKLhg07lyWfy22ABN-FYEfaay7Qcx0KFzf8eqqCnsvlA&oe=66015B5D,Chevrolet Silverado/ GMC truck enthusiasts
Chevy Silverado 2500 only,https://www.facebook.com/groups/634086024338442/,Private · 2.7K members,https://scontent-ord5-1.xx.fbcdn.net/v/t39.30808-6/324430397_1599136313936935_3571104276018753710_n.jpg?stp=c0.26.64.64a_cp0_dst-jpg_p64x64&_nc_cat=111&ccb=1-7&_nc_sid=5f2048&_nc_ohc=HSN6L5fqEUQAX_ZQRbT&_nc_ht=scontent-ord5-1.xx&oh=00_AfAglJ5etjXbqr0bcy7MBL1hcEfcSPx1qivwYtwihUuAJA&oe=66014DD7,all and anything Chevy Silverado 2500 buy sell trade no Fords! no exceptions!!!! Chevy only
DFW F150 F250 Group Buy Sell Trade,https://www.facebook.com/groups/dfwf150f250buyselltrade/,Private · 1.6K members,https://scontent-ord5-1.xx.fbcdn.net/v/t1.6435-9/191421252_10219534672226171_3740435797418054244_n.jpg?stp=c16.0.64.64a_cp0_dst-jpg_p64x64&_nc_cat=108&ccb=1-7&_nc_sid=5f2048&_nc_ohc=V1tOwvHPwjcAX86DmoD&_nc_ht=scontent-ord5-1.xx&oh=00_AfB7JWiMkfE9UX_YRFrd3F3SqN7-O8PfQz5C8Xc3H2OPUQ&oe=6623E7A8,"DFW F150/F250 Group is a gathering place for F150/F250 owners and enthusiasts looking to Buy, Sell, or Trade Ford Truck vehicles, parts, tires, wheels & accessories. For Buy/Sell/Trade posts, please Include location, asking price, and photo(s). *****We Offer a FREE Truck Locator Service!***** Please feel free to invite other F150/F250 truck lovers to the group!"
F250 gas trucks swva any gas engine ford truck,https://www.facebook.com/groups/979728222106693/,Public · 169 members · 8 posts a month,https://scontent-ord5-1.xx.fbcdn.net/v/t39.30808-6/419879731_3652788038311498_545900639385172059_n.jpg?stp=c36.0.64.64a_cp0_dst-jpg_p64x64&_nc_cat=101&ccb=1-7&_nc_sid=5f2048&_nc_ohc=M9E0LgFViP0AX-ID3FN&_nc_ht=scontent-ord5-1.xx&oh=00_AfDwTgfXK_2S_EYBU5aKeZyh21eIF_W9ULPZ66ERzbDBHw&oe=6600DF16,No Description
"FORD EXCURSION, F250, and F350 CLUB",https://www.facebook.com/groups/131667294002094/,Private · 6.7K members,https://scontent-ord5-2.xx.fbcdn.net/v/t1.6435-9/71495502_10156597812020986_2022090875202437120_n.jpg?stp=c12.0.64.64a_cp0_dst-jpg_p64x64&_nc_cat=107&ccb=1-7&_nc_sid=5f2048&_nc_ohc=YdPPMe99cpkAX-4Zxw0&_nc_ht=scontent-ord5-2.xx&oh=00_AfB8ff6jTIbaZiuQC8JD32hDuxyHqdiIUX0tcCq78OgoCg&oe=6623EC92,"ANYTHING and EVERYTHING related to FORD EXCURSIONS, F250s and F350s. UPGRADES and MODS..PICS and VIDEOS.."
FORD F-250 & F-350 SUPER DUTY FX4 OWNERS,https://www.facebook.com/groups/fordf250f350superdutyfx4owners/,Private · 292 members,https://scontent-ord5-2.xx.fbcdn.net/v/t39.30808-6/431191435_910545847745973_7842317308275992892_n.png?stp=c29.0.64.64a_cp0_dst-png_p64x64&_nc_cat=107&ccb=1-7&_nc_sid=5f2048&_nc_ohc=80pfKDCNjcAAX8I7_Ih&_nc_ht=scontent-ord5-2.xx&oh=00_AfCN1QH_qiNb4XdTuQYOq9auGoMYaKtX8vHykVgGZA24nw&oe=660212E0,2017-2022 (P558 | 6.2L BOSS | 6.8L OHV V8) | 2023-2024 F-250 & F-350 SUPER DUTY FX4 (P708 | 6.8L OHV | 7.3L GODZILLA V8) OWNERS
FORD F-250 & F-350 SUPER DUTY TREMOR OWNERS,https://www.facebook.com/groups/fordf250f350superdutytremorowners/,Private · 95 members,https://scontent-ord5-2.xx.fbcdn.net/v/t39.30808-6/431485766_910584964408728_8936785188133788050_n.png?stp=c29.0.64.64a_cp0_dst-png_p64x64&_nc_cat=107&ccb=1-7&_nc_sid=5f2048&_nc_ohc=dqKL_M7VSjYAX_Z0vc8&_nc_ht=scontent-ord5-2.xx&oh=00_AfCu3bKDVXB0Zkufbq1LlJyVmAgt3-w04uh4-NlPM50RMw&oe=66008EE7,2017-2022 (P558 | 6.2L BOSS | 6.8L OHV V8) | 2023-2024 F-250 & F-350 SUPER DUTY TREMOR (P708 | 6.8L OHV | 7.3L GODZILLA V8) OWNERS
FORD F100 F250 EXPLORER PACKAGE PICKUPS,https://www.facebook.com/groups/4766756096754967/,Public · 902 members · 8 posts a month,https://scontent-ord5-1.xx.fbcdn.net/v/t39.30808-6/272892816_468243261606284_3746087438651835686_n.jpg?stp=c15.0.64.64a_cp0_dst-jpg_p64x64&_nc_cat=109&ccb=1-7&_nc_sid=5f2048&_nc_ohc=x5XGxxTDmSUAX9scDQT&_nc_ht=scontent-ord5-1.xx&oh=00_AfDYdb-dO8ImseHWMx0C152IMcCJxugvF6-pIl9rcuoIJQ&oe=6600A44A,"This page is dedicated to all FORD PICKUPS with the EXPLORER package, would like to see just these builds, parts and for sale. thanks"
FORD F150 F100 F250 SPARE PARTS,https://www.facebook.com/groups/5987074074694822/,Private · 5.9K members · 10+ posts a day,https://scontent-ord5-2.xx.fbcdn.net/v/t39.30808-6/376283657_865059365047354_2530666031536844682_n.jpg?stp=c0.5.64.64a_cp0_dst-jpg_p64x64&_nc_cat=110&ccb=1-7&_nc_sid=5f2048&_nc_ohc=of9WqNCCcmsAX9Eoz1o&_nc_ht=scontent-ord5-2.xx&oh=00_AfBXWyu3N4K2rkDHD52YQX69JiWpr6dKAGpAzSDEG3Ks0A&oe=66021234,We got all the Ford spare parts f250 f250 f100 make sure you contact the admin before you make a purchase Contact the admin first
FORD F250 7.3 TX,https://www.facebook.com/groups/1908035022744495/,Public · 62 members,https://scontent-ord5-2.xx.fbcdn.net/v/t1.18169-9/17951687_1360847974007445_4509609091426300869_n.jpg?stp=c24.0.64.64a_cp0_dst-jpg_p64x64&_nc_cat=103&ccb=1-7&_nc_sid=5f2048&_nc_ohc=yOqtjDLMXI0AX94Eo28&_nc_ht=scontent-ord5-2.xx&oh=00_AfBmVCgKREvpP0THZHqv0pLLhYjpUeyCiPMTphIgn8lALA&oe=6623F976,No Description
FORD super duty F250 F350,https://www.facebook.com/groups/1487887671541476/,Private · 47K members · 10+ posts a day,https://scontent-ord5-2.xx.fbcdn.net/v/t39.30808-6/422408514_10161705015411563_4365386381014105165_n.jpg?stp=c37.0.64.64a_cp0_dst-jpg_p64x64&_nc_cat=103&ccb=1-7&_nc_sid=5f2048&_nc_ohc=syKrbl2aZpgAX-7q50J&_nc_ht=scontent-ord5-2.xx&oh=00_AfBWx9XlOl-GEgdxJS-FE4Z1zi0F84SUkv7wPBhznxmMQg&oe=66011D2A,No BS!!! just knowledge . Experience .. And super duty Parts
Florida Ford F250 F350 F450 Parts And Trucks,https://www.facebook.com/groups/354812041335199/,Private · 4.7K members · 8 posts a day,https://scontent-ord5-1.xx.fbcdn.net/v/t39.30808-6/428013068_10219017817114678_4005341172085230665_n.jpg?stp=c11.0.64.64a_cp0_dst-jpg_p64x64&_nc_cat=109&ccb=1-7&_nc_sid=5f2048&_nc_ohc=xBONBKx_rDgAX-rmfny&_nc_ht=scontent-ord5-1.xx&oh=00_AfA1M7Jv1SJ7tLTpqO4hv1h95YN3cu9_ELLxzljQmckJUA&oe=66014DA5,Buy sell or trade f250 f350 f450 parts Wheels tires body parts aftermarket parts about anything you can put on a f250 f350 f450 and or trucks for sale
For Sale Chevrolet Silverado,https://www.facebook.com/groups/172190120228786/,Public · 30 members,https://scontent-ord5-2.xx.fbcdn.net/v/t1.30497-1/116687302_959241714549285_318408173653384421_n.jpg?stp=cp0_dst-jpg_p60x60&_nc_cat=1&ccb=1-7&_nc_sid=5f2048&_nc_ohc=_AiauEvJT5MAX8QWnAJ&_nc_ht=scontent-ord5-2.xx&oh=00_AfAUMoZqf9eE1esXlxAcqsqbLoo1n99fZHEP7zV3MHrH7A&oe=662409C3,No Description
For Sale Chevrolet Silverado,https://www.facebook.com/groups/172190120228786/,Public · 30 members,https://scontent-ord5-2.xx.fbcdn.net/v/t1.30497-1/116687302_959241714549285_318408173653384421_n.jpg?stp=cp0_dst-jpg_p60x60&_nc_cat=1&ccb=1-7&_nc_sid=5f2048&_nc_ohc=_AiauEvJT5MAX8QWnAJ&_nc_ht=scontent-ord5-2.xx&oh=00_AfAUMoZqf9eE1esXlxAcqsqbLoo1n99fZHEP7zV3MHrH7A&oe=662409C3,No Description
Ford F-150 or F-250 Diesel or Gas 92-97 in Florida,https://www.facebook.com/groups/569482055067958/,Public · 321 members · 8 posts a month,https://scontent-ord5-1.xx.fbcdn.net/v/t39.30808-6/328230896_493511806277750_8037106555265389680_n.jpg?stp=c11.0.64.64a_cp0_dst-jpg_p64x64&_nc_cat=108&ccb=1-7&_nc_sid=5f2048&_nc_ohc=hFU4yRSqMxcAX_hxe6j&_nc_ht=scontent-ord5-1.xx&oh=00_AfBBOVXAi9BsgO6sUZljS1vJhR0bN4QVcRQxgxAQ8-o_Zw&oe=66024411,Compra y venta de piezas y Pickup Ford F-150 - F-250 en la Florida.
"Ford F-150, F-250 ,F-350 Parts buy, sell and trade",https://www.facebook.com/groups/793713562560773/,Public · 1K members · 10 posts a day,https://scontent-ord5-2.xx.fbcdn.net/v/t39.30808-6/397881032_319033360833936_4948381830607068671_n.jpg?stp=c0.7.64.64a_cp0_dst-jpg_p64x64&_nc_cat=103&ccb=1-7&_nc_sid=5f2048&_nc_ohc=vAkwDcrEvFYAX_vzyEU&_nc_ht=scontent-ord5-2.xx&oh=00_AfCRQ7KnMF_ZIkEGSa6Gnw0j03CMLiQ8KbsREpEgogMpNA&oe=66025758,"if you post anything that is not related to Ford F150 ,F250 ,F350 you'll be removed from the group"
Ford F-250 Georgia,https://www.facebook.com/groups/3910554445627668/,Public · 7 members,https://scontent-ord5-1.xx.fbcdn.net/v/t1.6435-9/120034478_10219149491314271_4950757450358052339_n.jpg?stp=c11.0.64.64a_cp0_dst-jpg_p64x64&_nc_cat=111&ccb=1-7&_nc_sid=5f2048&_nc_ohc=dJBCkKrgC2oAX9Yh8gC&_nc_ht=scontent-ord5-1.xx&oh=00_AfDTZDcOTg3eV_7Bwo8dBgj7gDjcI2hh_FW_DJ0n_6SsKg&oe=6623FEA6,No Description
Ford F-250 diesel/gas,https://www.facebook.com/groups/1059392597451030/,Public · 38K members · 10+ posts a day,https://scontent-ord5-2.xx.fbcdn.net/v/t1.18169-9/15319172_1276823229048581_2261944046710169635_n.jpg?stp=c24.0.64.64a_cp0_dst-jpg_p64x64&_nc_cat=107&ccb=1-7&_nc_sid=5f2048&_nc_ohc=x8BBjkG-JOAAX9afKK4&_nc_ht=scontent-ord5-2.xx&oh=00_AfCaFs0UNFJKRq44DvrJIrEgFEIhiF1W0_O8OpfERM_u5A&oe=6624159C,No Description
Ford F-250 forever,https://www.facebook.com/groups/241898513980799/,Public · 94 members · 10 posts a year,https://scontent-ord5-2.xx.fbcdn.net/v/t1.6435-9/203865239_10222465748344013_1733035361245081480_n.jpg?stp=c11.0.64.64a_cp0_dst-jpg_p64x64&_nc_cat=110&ccb=1-7&_nc_sid=5f2048&_nc_ohc=iXEtDAhmUY8AX9QSbnp&_nc_ht=scontent-ord5-2.xx&oh=00_AfCSXCWuzSBZ2I_gINzSG-U1lGgWuUIu7vFA2XqMB499oA&oe=6623E6B7,For those who appreciate the Ford F250 and want to contribute to our favorite truck.
"Ford F-250, F-350 Super Duty Hungary",https://www.facebook.com/groups/564593552063030/,Public · 555 members · 3 posts a day,https://scontent-ord5-1.xx.fbcdn.net/v/t39.30808-6/329103683_2001791813360818_791546924622410732_n.jpg?stp=c11.0.64.64a_cp0_dst-jpg_p64x64&_nc_cat=106&ccb=1-7&_nc_sid=5f2048&_nc_ohc=vMtlOVaCn1oAX_X0QPn&_nc_ht=scontent-ord5-1.xx&oh=00_AfCGjFNaPqV72PdA68pZy268sJmwdKCl0n10WsgH46zp1w&oe=6601BCF7,"Ford F-250, F-350 Super Duty Hungary-t azért hoztam létre hogy összehozzuk a kishazánkban fellelhető ford Pickup-okat és gazdáikat. Alvázszám dekódoló, szerelési segédletek, tanácsok, későbbiekben adok - veszek funkció fog a csoporthoz tartozni. Kellő létszám és érdeklődés esetén matrica, póló, sapka változó dizájnal elérhető lessz. Gyere és csatlakozz, hozzunk létre egy összetartó kis csapatot."
"Ford F-Trucks Australia (F100, F150, F250, F350, F450, F550, F650)",https://www.facebook.com/groups/291664007863416/,Public · 42K members · 10 posts a day,https://scontent-ord5-2.xx.fbcdn.net/v/t39.30808-6/418293407_10161599547548140_9218525055850904648_n.jpg?stp=c11.0.64.64a_cp6_dst-jpg_p64x64&_nc_cat=104&ccb=1-7&_nc_sid=5f2048&_nc_ohc=iCkRGEJttscAX_hBq_F&_nc_ht=scontent-ord5-2.xx&oh=00_AfBYNY4RRyGZphEvQNpiOWz_RuTBptKzkjhSBa364xxosA&oe=6600E13A,"Ford Appreciation Page specialising in F-Series Utilities and Trucks in Australia. International visitors welcome! Ftruck - f1 Ford America Australia Europe Duallies dual wheels 4x4 We provide a ""Free"" community group with no liability in regards to transactions made in person or online."
"Ford F100, F150, F250 Owners Group South Africa",https://www.facebook.com/groups/597812400358485/,Private · 3.3K members · 2 posts a day,https://scontent-ord5-2.xx.fbcdn.net/v/t31.18172-8/20157134_1880381945614386_2647219260326703352_o.jpg?stp=c24.0.64.64a_cp0_dst-jpg_p64x64&_nc_cat=102&ccb=1-7&_nc_sid=5f2048&_nc_ohc=HDcri8czk4wAX8mMIl0&_nc_ht=scontent-ord5-2.xx&oh=00_AfDpOyuE8plnJUJJMWPj05W2qBYcMRPf__lqeaQJd2YO6g&oe=6623FE05,"A group for Ford F-series owners in South Africa to share photos, ideas, ask questions and offer for sale"
Ford F150 - F250 & Ford Trucks Parts,https://www.facebook.com/groups/2309364655938148/,Public · 727 members · 3 posts a month,https://scontent-ord5-2.xx.fbcdn.net/v/t39.30808-6/398996092_1413280485935146_404262730687428741_n.jpg?stp=c29.0.64.64a_cp0_dst-jpg_p64x64&_nc_cat=103&ccb=1-7&_nc_sid=5f2048&_nc_ohc=RXvODOsFO-sAX9AkCJs&_nc_ht=scontent-ord5-2.xx&oh=00_AfCwuRL0MX_3F1nOLbofWv_9s0pxMl0BW_rZpbdqv8VsBA&oe=6601F17A,Looking For Great Deals On Top Products? Find Your Perfect Parts Here. Free Shipping Available On Many Items. Buy Here. Money Back Guarantee.
Ford F150 or F250/F350 Diesel or Gas,https://www.facebook.com/groups/1607250006465360/,Public · 214 members · 4 posts a day,https://scontent-ord5-2.xx.fbcdn.net/v/t39.30808-6/402624207_240090335754374_5298023558348129322_n.jpg?stp=c0.7.64.64a_cp0_dst-jpg_p64x64&_nc_cat=105&ccb=1-7&_nc_sid=5f2048&_nc_ohc=L55CukDQD-cAX_fPfdj&_nc_ht=scontent-ord5-2.xx&oh=00_AfCbPgM3Gi3hyw4ioKnKRdPER1KdI5WhEt_PdD3OUm5C_g&oe=66018000,No Description
Ford F250 Seat Swaps,https://www.facebook.com/groups/267374675829797/,Private · 213 members,https://scontent-ord5-1.xx.fbcdn.net/v/t39.30808-6/351175311_277320974753223_4670772851979917007_n.jpg?stp=c11.0.64.64a_cp0_dst-jpg_p64x64&_nc_cat=106&ccb=1-7&_nc_sid=5f2048&_nc_ohc=HZVh-GWbXqkAX8UwlW0&_nc_ht=scontent-ord5-1.xx&oh=00_AfB_2Ppv8El3SuEJVk9kN8q5R0Az7b3u-0czHZM5EY_rMw&oe=66023CDB,"A place to compile info on various Ford F250 seat and interior swaps. Ideas, install info, electrical, tips and trouble shooting to help either achieve various swaps."
Ford F250 Triton 5.4L V8,https://www.facebook.com/groups/FordF250Triton5.4LV8/,Private · 2.2K members,https://scontent-ord5-1.xx.fbcdn.net/v/t31.18172-8/24254857_10213545398883502_7013563697957735089_o.jpg?stp=c25.0.64.64a_cp0_dst-jpg_p64x64&_nc_cat=111&ccb=1-7&_nc_sid=5f2048&_nc_ohc=e0d-SWH4eX0AX-BVNrr&_nc_ht=scontent-ord5-1.xx&oh=00_AfD-JWKMNbM9hXNTNLlT5I0Rje-kjQ-0iHkvlHgrFE8pvg&oe=6624148F,"Welcome to the Ford F250 Triton 5.4L V8 club. This page was created to share ideas, questions about trucks, and trouble shooting the Triton 5.4L V8. I will remove any post, and the one who posted it to the page, if it is not clean! No nudity, no ads if it's not about F250s, keep it family friendly please. Thank you!"
Ford F250 and F350 Powerstroke Owners of Ohio,https://www.facebook.com/groups/1335539653228260/,Private · 506 members,https://scontent-ord5-1.xx.fbcdn.net/v/t1.6435-9/117104803_3096210410464314_5355362779322162578_n.jpg?stp=c25.0.64.64a_cp0_dst-jpg_p64x64&_nc_cat=101&ccb=1-7&_nc_sid=5f2048&_nc_ohc=QDMcctaeKJgAX8qUQvF&_nc_ht=scontent-ord5-1.xx&oh=00_AfCBC44GHMd7uY6eDydRxhZouslhQp1MBvH68qHVfKOumg&oe=662409A5,Where Ford truck guys and gals can ask questions on problems or looking for parts or just simply want to show off your Rig.
Ford F250/350/450 Super Duty-SuperCab Owners Group,https://www.facebook.com/groups/2645129058998805/,Private · 89 members,https://scontent-ord5-2.xx.fbcdn.net/v/t39.30808-6/430057403_3636839309892538_1611339485437029509_n.jpg?stp=c21.0.64.64a_cp6_dst-jpg_p64x64&_nc_cat=100&ccb=1-7&_nc_sid=5f2048&_nc_ohc=128eZtrhHYAAX8rfDnL&_nc_ht=scontent-ord5-2.xx&oh=00_AfD6A4gaRFM2M6rQob1kF_8ktvh4aPi5DgxiCS0BMVtNGQ&oe=6601E6AC,No Description
Ford F250/F350 SuperDuty,https://www.facebook.com/groups/136859806874877/,Private · 105K members · 10+ posts a day,https://scontent-ord5-1.xx.fbcdn.net/v/t39.30808-6/350530593_772431167999579_2151265567034505803_n.jpg?stp=c27.0.64.64a_cp0_dst-jpg_p64x64&_nc_cat=108&ccb=1-7&_nc_sid=5f2048&_nc_ohc=e8gBJHc0UbUAX9a__Px&_nc_ht=scontent-ord5-1.xx&oh=00_AfDHORX9LwcL0P9lH2O4d5R37MWcBr3cC6HIDdPXnGcMNw&oe=66015899,"😎👉 Original (Buy/Sell/Trade) Group For F-250/F-350's👈😎 ***Please be advised this page is STRICTLY FOR F-250 F-350 RELATED THINGS, if you try to post anything not related YOU and your post will be immediately removed from the group! No Dealership Ads, No posting Tires, unless they have rims attached!, And No ""I wanna buy your Def"", Ads either! If you think someone shit is listed for too much then scroll on. Hate speech, and Trash comments won't be tolerated! YOU HAVE BEEN WARNED ***"
Ford F350 and F250 Parts,https://www.facebook.com/groups/1659117867691659/,Public · 12K members · 10+ posts a day,https://scontent-ord5-2.xx.fbcdn.net/v/t39.30808-6/409334529_10224065620283400_6289484272128833857_n.jpg?stp=c0.16.64.64a_cp0_dst-jpg_p64x64&_nc_cat=103&ccb=1-7&_nc_sid=5f2048&_nc_ohc=gz87lYSs8YIAX_oGHb-&_nc_ht=scontent-ord5-2.xx&oh=00_AfBksmJrRQBTUmRjMCDoazEM6p3Ynm5pPyHLZhwgW4-bGA&oe=6600ACD5,"This page is for F350 & F250 parts gas or diesel, all others will be deleted. Trucks for sale will also be removed from the page along with any Tire that at listed."
Ford ICU (Rebuilding 1978 F250),https://www.facebook.com/groups/881478845308542/,Public · 197 members · 9 posts a year,https://scontent-ord5-1.xx.fbcdn.net/v/t1.18169-9/13230274_1197035306976023_2823762276384578366_n.jpg?stp=c25.0.64.64a_cp0_dst-jpg_p64x64&_nc_cat=101&ccb=1-7&_nc_sid=5f2048&_nc_ohc=GrZLsKWdyDQAX-DfAXX&_nc_ht=scontent-ord5-1.xx&oh=00_AfBdqqsNEugCoMjaFOBkKZ8ne1Z6Y_63VlB1yp-ZSjqWRA&oe=66240087,"The time has come to rebuild my 1978 F250, she was to be sold again but I have decided that rebuilding it will be a cheaper and easier process then simply getting rid of it. Current goals: Get it street legal (New Motor, trans, t-case, driveshafts) (restore necessary parts to make it road legal) (eventual full restore will come)"
Ford Trucks 1973 to 1979 F150 F250 F350,https://www.facebook.com/groups/3183163752001791/,Private · 2.2K members,https://scontent-ord5-2.xx.fbcdn.net/v/t39.30808-6/415475857_10224438497366414_5543290021823857106_n.jpg?stp=c10.0.64.64a_cp0_dst-jpg_p64x64&_nc_cat=107&ccb=1-7&_nc_sid=5f2048&_nc_ohc=6CZMucSN2W4AX-FW4aW&_nc_ht=scontent-ord5-2.xx&oh=00_AfD1U1atrEEv4Qdaa-jZIDyjLTZ-nNKL_GIBDFu97cXC4Q&oe=66026344,1973 to 1979 ford trucks for parts and info!
"Ford f150,f250,f350 Of Georgia",https://www.facebook.com/groups/454542019808444/,Public · 186 members · 3 posts a day,https://scontent-ord5-1.xx.fbcdn.net/v/t39.30808-6/280626133_5304144759616083_3807375563810872882_n.jpg?stp=c16.0.64.64a_cp0_dst-jpg_p64x64&_nc_cat=111&ccb=1-7&_nc_sid=5f2048&_nc_ohc=2GYr10EPnWYAX901ARc&_nc_ht=scontent-ord5-1.xx&oh=00_AfCRN8VhruyjlebddSI6g1yE4pQgw3c0Gg8h4ipZlSYjrA&oe=6601B958,"All abour ford pickup f150,f250,f350, raptor"
Ford f250 for sale or trade,https://www.facebook.com/groups/2013815065515908/,Public · 2K members · 5 posts a day,https://scontent-ord5-2.xx.fbcdn.net/v/t1.30497-1/116687302_959241714549285_318408173653384421_n.jpg?stp=cp0_dst-jpg_p60x60&_nc_cat=1&ccb=1-7&_nc_sid=5f2048&_nc_ohc=_AiauEvJT5MAX8QWnAJ&_nc_ht=scontent-ord5-2.xx&oh=00_AfAUMoZqf9eE1esXlxAcqsqbLoo1n99fZHEP7zV3MHrH7A&oe=662409C3,No Description
"Ford pick up's F150, F250, F350, and Rangers",https://www.facebook.com/groups/982029311876784/,Public · 5K members · 8 posts a month,https://scontent-ord5-1.xx.fbcdn.net/v/t1.18169-9/12715803_1072854026098510_8541176117445647634_n.jpg?stp=c25.0.64.64a_cp0_dst-jpg_p64x64&_nc_cat=108&ccb=1-7&_nc_sid=5f2048&_nc_ohc=EVKSh5qC3AUAX8dUuR4&_nc_ht=scontent-ord5-1.xx&oh=00_AfAbCdRUjE8AskNfdEitHQTsAI1rWYJbthLbF2M0BNmFuA&oe=66240291,No Description
GMC Sierra & Chevrolet Silverado Discussion Group,https://www.facebook.com/groups/1592355271015636/,Private · 6.7K members,https://scontent-ord5-2.xx.fbcdn.net/v/t39.30808-6/363755806_10230845953242395_9105858814779146528_n.jpg?stp=c43.0.64.64a_cp0_dst-jpg_p64x64&_nc_cat=100&ccb=1-7&_nc_sid=5f2048&_nc_ohc=i5WfcKi0yaoAX-e7pdp&_nc_oc=AdgJypfAAQBrSOaymAPkqHzut3phK7eAphPd3_QTJCs-Z2lg3hSlFSyHqwTQxiUHtgU&_nc_ht=scontent-ord5-2.xx&oh=00_AfAh-PFrAuQCvYLX6d3TN5hq1jhESQNQz7SElZ8HwiUUsA&oe=66015F7E,Discussion group for the GMC Sierra & Chevrolet Silverado pickup trucks.
GMC Sierra & Chevrolet Silverado Discussion Group,https://www.facebook.com/groups/1592355271015636/,Private · 6.7K members,https://scontent-ord5-2.xx.fbcdn.net/v/t39.30808-6/363755806_10230845953242395_9105858814779146528_n.jpg?stp=c43.0.64.64a_cp0_dst-jpg_p64x64&_nc_cat=100&ccb=1-7&_nc_sid=5f2048&_nc_ohc=i5WfcKi0yaoAX-e7pdp&_nc_oc=AdgJypfAAQBrSOaymAPkqHzut3phK7eAphPd3_QTJCs-Z2lg3hSlFSyHqwTQxiUHtgU&_nc_ht=scontent-ord5-2.xx&oh=00_AfAh-PFrAuQCvYLX6d3TN5hq1jhESQNQz7SElZ8HwiUUsA&oe=66015F7E,Discussion group for the GMC Sierra & Chevrolet Silverado pickup trucks.
Group Name,URL,Status,Thumbnails,Descriptions
OBS Ford Kustoms,https://www.facebook.com/groups/fordf250/,Private · 3.7K members,https://scontent-ord5-2.xx.fbcdn.net/v/t39.30808-6/417507061_7279760048760431_1469532736926670317_n.jpg?stp=c11.0.64.64a_cp0_dst-jpg_p64x64&_nc_cat=104&ccb=1-7&_nc_sid=5f2048&_nc_ohc=pAZBGjAiFpkAX85EX-b&_nc_ht=scontent-ord5-2.xx&oh=00_AfAHF4kAfv1h4TutFADxPPeKoan4mL49swOLkoHwDTBV9A&oe=6601A571,"Welcome to OBS Ford Kustoms! This group is for anyone who loves 92-96 Ford F-Series trucks and Bronco's stock or custom built. Feel free to Talk, Post pictures of your truck! Keep it clean and respectful. No politics, no selling. Otherwise, have a great time seeing everyone's OBS Ford!"
"Old Ford Nation - F100, F150, F250, F350, Bronco",https://www.facebook.com/groups/1598319823579941/,Private · 4.1K members · 6 posts a day,https://scontent-ord5-1.xx.fbcdn.net/v/t1.6435-9/29133383_10156318655017048_3281488737950760960_n.jpg?stp=c23.0.64.64a_cp0_dst-jpg_p64x64&_nc_cat=108&ccb=1-7&_nc_sid=5f2048&_nc_ohc=9zmX2dGhb3MAX-6-hjX&_nc_ht=scontent-ord5-1.xx&oh=00_AfA_H6ZFEUpvqDin0u8e-5s1t-ZwGFBiz6bs1G1DwHx8YA&oe=6623F8A6,"The perfect group for all Ford owners who have an attraction to old Ford cars and trucks! Guidelines: 1) Be respectful of others, and no trash talk 2) No posts containing obscenity, racism, etc. 3) If something is for sale and you don't agree with the asking price, privately make a counter-offer. No haggling or shaming in the comments."
"Pa Chevrolet Silverado Sell, buy, swap, trade, trucks parts N more",https://www.facebook.com/groups/1036349013045628/,Private · 2.6K members · 4 posts a day,https://scontent-ord5-1.xx.fbcdn.net/v/t39.30808-6/382806787_10228100093060883_5222266750450370927_n.jpg?stp=c10.0.64.64a_cp0_dst-jpg_p64x64&_nc_cat=106&ccb=1-7&_nc_sid=5f2048&_nc_ohc=DKR-BWDYSOQAX83qtvj&_nc_ht=scontent-ord5-1.xx&oh=00_AfAEc0lYEkpNR8X0_D5FUNzAWdNDQvW0y48qN5tB9xAcqQ&oe=6602767F,No Description
"Pa Chevrolet Silverado Sell, buy, swap, trade, trucks parts N more",https://www.facebook.com/groups/1036349013045628/,Private · 2.6K members · 4 posts a day,https://scontent-ord5-1.xx.fbcdn.net/v/t39.30808-6/382806787_10228100093060883_5222266750450370927_n.jpg?stp=c10.0.64.64a_cp0_dst-jpg_p64x64&_nc_cat=106&ccb=1-7&_nc_sid=5f2048&_nc_ohc=DKR-BWDYSOQAX83qtvj&_nc_ht=scontent-ord5-1.xx&oh=00_AfAEc0lYEkpNR8X0_D5FUNzAWdNDQvW0y48qN5tB9xAcqQ&oe=6602767F,No Description
Powerstroke Diesel Ford's F-250 F-350,https://www.facebook.com/groups/1074181712656855/,Private · 10K members · 7 posts a day,https://scontent-ord5-2.xx.fbcdn.net/v/t1.6435-9/45658207_740314379658940_3300865169374052352_n.jpg?stp=cp0_dst-jpg_p64x64&_nc_cat=103&ccb=1-7&_nc_sid=5f2048&_nc_ohc=-kCvZkDAf4gAX91x2kv&_nc_ht=scontent-ord5-2.xx&oh=00_AfAWBxfMTigOmxfDgWTRGBDTw8avHsqzP_Pd_4kkbwuZLw&oe=6623FAB9,"Please answer member approval questions when asking to join this group , this is to weed out fake accounts!"
Silverado 1500/2500 buy/sell/trade trucks/ parts,https://www.facebook.com/groups/1649871648604844/,Private · 1.5K members · 6 posts a day,https://scontent-ord5-2.xx.fbcdn.net/v/t1.6435-9/53340228_807328622967569_7356131534585200640_n.jpg?stp=c25.0.64.64a_cp0_dst-jpg_p64x64&_nc_cat=110&ccb=1-7&_nc_sid=5f2048&_nc_ohc=HdjzxWm4fqgAX8Brv9_&_nc_ht=scontent-ord5-2.xx&oh=00_AfBXuTJ1-BCyebPAa7JouoghBLw2E8sL0ZqmO7qeQX9JhQ&oe=6623FD20,No Description
"Silverado Gas 1500, 2500, 3500",https://www.facebook.com/groups/1747224972175225/,Private · 67K members · 10 posts a day,https://scontent-ord5-1.xx.fbcdn.net/v/t39.30808-6/430652292_7590915207627589_4737421781932478958_n.jpg?stp=c37.0.64.64a_cp0_dst-jpg_p64x64&_nc_cat=106&ccb=1-7&_nc_sid=5f2048&_nc_ohc=6gRU6kqPlmkAX9P36IF&_nc_ht=scontent-ord5-1.xx&oh=00_AfBm34HEWSF_KoptDOCotSVh7EozuW6Z9C-tqxqJSw2Xew&oe=6601F33C,"This is a gas only page, rules are be respectful to everyone, no fighting, and enjoy. We accept all full size GM truck. This is NOT a BUY, SELL or TRADING page. If you do post about selling something it will be removed. We are here to help each other and share our Trucks. We are happy to have you as a member. It has also been brought to our attention that some Sale pages have an option to link the FS post to this page.. Please UNCHECK this link. Thank You for your support."
"Silverado Gas 1500, 2500, 3500",https://www.facebook.com/groups/1747224972175225/,Private · 67K members · 10 posts a day,https://scontent-ord5-1.xx.fbcdn.net/v/t39.30808-6/430652292_7590915207627589_4737421781932478958_n.jpg?stp=c37.0.64.64a_cp0_dst-jpg_p64x64&_nc_cat=106&ccb=1-7&_nc_sid=5f2048&_nc_ohc=6gRU6kqPlmkAX9P36IF&_nc_ht=scontent-ord5-1.xx&oh=00_AfBm34HEWSF_KoptDOCotSVh7EozuW6Z9C-tqxqJSw2Xew&oe=6601F33C,"This is a gas only page, rules are be respectful to everyone, no fighting, and enjoy. We accept all full size GM truck. This is NOT a BUY, SELL or TRADING page. If you do post about selling something it will be removed. We are here to help each other and share our Trucks. We are happy to have you as a member. It has also been brought to our attention that some Sale pages have an option to link the FS post to this page.. Please UNCHECK this link. Thank You for your support."
"Silverado Sierra 1500, 2500, 3500",https://www.facebook.com/groups/1265231673843574/,Private · 1.9K members,https://scontent-ord5-2.xx.fbcdn.net/v/t1.6435-9/119680260_3823219334373669_3469396901247184620_n.jpg?stp=c50.0.64.64a_cp0_dst-jpg_p64x64&_nc_cat=107&ccb=1-7&_nc_sid=5f2048&_nc_ohc=-8Fc1imu-NsAX_l6BKv&_nc_ht=scontent-ord5-2.xx&oh=00_AfC14BonZC63kIhA_I1tfYJ4cDJMbx9gp2mRLeReMwe1AQ&oe=6624065B,"A place to ask questions, show off trucks share truck info. Absolutely no politics! You get one warning that’s it then kicked off. No hate speech at all tolerated. Just talk trucks ok."
"Silverado Sierra 1500, 2500, 3500",https://www.facebook.com/groups/1265231673843574/,Private · 1.9K members,https://scontent-ord5-2.xx.fbcdn.net/v/t1.6435-9/119680260_3823219334373669_3469396901247184620_n.jpg?stp=c50.0.64.64a_cp0_dst-jpg_p64x64&_nc_cat=107&ccb=1-7&_nc_sid=5f2048&_nc_ohc=-8Fc1imu-NsAX_l6BKv&_nc_ht=scontent-ord5-2.xx&oh=00_AfC14BonZC63kIhA_I1tfYJ4cDJMbx9gp2mRLeReMwe1AQ&oe=6624065B,"A place to ask questions, show off trucks share truck info. Absolutely no politics! You get one warning that’s it then kicked off. No hate speech at all tolerated. Just talk trucks ok."
Tuned 2020+ Ford F250 F350 6.7L PowerStroke Super Duty,https://www.facebook.com/groups/tuned2020superduty/,Private · 3.7K members · 2 posts a day,https://scontent-ord5-2.xx.fbcdn.net/v/t1.6435-9/130287912_723514591873442_430763390378784635_n.jpg?stp=c25.0.64.64a_cp0_dst-jpg_p64x64&_nc_cat=100&ccb=1-7&_nc_sid=5f2048&_nc_ohc=3EtFQaxh0zkAX8UgBsz&_nc_ht=scontent-ord5-2.xx&oh=00_AfA28lkvREJSDa5wILVYnj1xP0bQDYIjw-3ITslL6MPT0w&oe=66240EB6,Tuned 2020+ Ford F250 F350 6.7L PowerStroke Super Duty
chevrolet silverado(round body edition),https://www.facebook.com/groups/654872521372160/,Private · 1.1K members,https://scontent-ord5-2.xx.fbcdn.net/v/t39.30808-6/315096583_6455523924474063_4957924274571433370_n.jpg?stp=c11.0.64.64a_cp0_dst-jpg_p64x64&_nc_cat=105&ccb=1-7&_nc_sid=5f2048&_nc_ohc=qut090gncNMAX-SHWWM&_nc_ht=scontent-ord5-2.xx&oh=00_AfBBtFZ9XmvVW3msK-95Ls0u0At8g_9tLbVDKDwHzsv0Rw&oe=66024F30,This is a group for people who enjoy owning there 99 thru 02 silverados. A group to people to openly discuss about truvks and get advice or just show off that pretty truck.
chevrolet silverado(round body edition),https://www.facebook.com/groups/654872521372160/,Private · 1.1K members,https://scontent-ord5-2.xx.fbcdn.net/v/t39.30808-6/315096583_6455523924474063_4957924274571433370_n.jpg?stp=c11.0.64.64a_cp0_dst-jpg_p64x64&_nc_cat=105&ccb=1-7&_nc_sid=5f2048&_nc_ohc=qut090gncNMAX-SHWWM&_nc_ht=scontent-ord5-2.xx&oh=00_AfBBtFZ9XmvVW3msK-95Ls0u0At8g_9tLbVDKDwHzsv0Rw&oe=66024F30,This is a group for people who enjoy owning there 99 thru 02 silverados. A group to people to openly discuss about truvks and get advice or just show off that pretty truck.
ford bronco /f150 /f250/f350 parts buy sell and trade,https://www.facebook.com/groups/989017051194950/,Private · 1.5K members,https://scontent-ord5-1.xx.fbcdn.net/v/t31.18172-8/13130976_1120032448048295_3456967853669982390_o.jpg?stp=c25.0.64.64a_cp0_dst-jpg_p64x64&_nc_cat=108&ccb=1-7&_nc_sid=5f2048&_nc_ohc=jAOsnhiHbTAAX-FZWaB&_nc_ht=scontent-ord5-1.xx&oh=00_AfBreWHf_CIFjZ7iMxmFgAtQpZN6SWs2i3WngT-_3BR_JQ&oe=66241786,Bronco and f series trucks only no business Individual sellin only anything else u will be ban If u don’t ship or have issues or negativity u will be ban permanently
ford truck parts f150 f250 f350 gas and Diesel,https://www.facebook.com/groups/843974302391807/,Public · 2.8K members · 10 posts a day,https://scontent-ord5-2.xx.fbcdn.net/v/t1.30497-1/116687302_959241714549285_318408173653384421_n.jpg?stp=cp0_dst-jpg_p60x60&_nc_cat=1&ccb=1-7&_nc_sid=5f2048&_nc_ohc=_AiauEvJT5MAX8QWnAJ&_nc_ht=scontent-ord5-2.xx&oh=00_AfAUMoZqf9eE1esXlxAcqsqbLoo1n99fZHEP7zV3MHrH7A&oe=662409C3,No Description
“Those Guys” & Gals Truck Club. 1957 58 59 60 Ford F100 F250 Mercury Panel.,https://www.facebook.com/groups/57to60fords/,Public · 27K members · 10 posts a day,https://scontent-ord5-1.xx.fbcdn.net/v/t39.30808-6/431887360_10230381496456541_4413544317307250_n.jpg?stp=c9.0.64.64a_cp0_dst-jpg_p64x64&_nc_cat=108&ccb=1-7&_nc_sid=5f2048&_nc_ohc=RDgLgu5YyI8AX_MzyD3&_nc_oc=AdhRxZXS0mrE4s0Yqdriysf5qSVHnZWTfKZLI5-Twi-4ytAtlxTZlBqciscII4fVywA&_nc_ht=scontent-ord5-1.xx&oh=00_AfBIl8Xqg2sX1AKY99ONgYZucnZjCtqco4TL3AR6ORA_Sw&oe=6600F5A6,"1957-1960 Ford F-Series T-Shirts are available now and our Members Only Stickers. See our documents for ordering info. Our group was created for 1957-1960 Ford F100 F250 M100 M250 Mercury or Larger Truck & Panel Fans. Here we can share info, tips and tricks on building these cool classic trucks & panels. Try and find old Ford trucks & parts. Help others find parts. Get your truck noticed by being our groups homepage Truck of the Month or our Truck of the Year. Post pictures of your truck for a chance. View thousands of Pictures, Videos & Links of these Classic F-Series Pickup Trucks & Panels. We hope our Group helps everyone: Find Trucks Find Parts Trade Parts Sell Parts Share Tips & Tricks Share Photos Share Videos Share Links Share Events Make Friends Help get these Old Fords back on the road Over 10,000 Pictures 13,800+ Members Worldwide 1000's of Videos & Links We have members from: Alabama, Alaska, Arizona, Arkansas, California, Colorado, Connecticut, Delaware, Florida, Georgia, Hawaii, Idaho, Illinois, Indiana, Iowa, Kansas, Kentucky, Louisiana, Maine, Massachusetts, Maryland, Montana, Michigan, Minnesota, Mississippi, Missouri, Nebraska, Nevada, New Hampshire, New Jersey, New Mexico, New York, North Carolina, North Dakota, Ohio, Oklahoma, Oregon, Pennsylvania, Rhode Island, South Carolina, South Dakota, Tennessee, Texas, Utah, Vermont, Virginia, Washington, West Virginia, Wisconsin, and Wyoming. Ecuador, Brazil, Canada, Australia, Turkey, New Zealand, Denmark, Argentina, London, France, South Africa, United Kingdom, Venezuela, Indonesia, Norway, Germany, Iceland, Sweden, Chile, Uruguay, Thailand, Spain, Mexico, Kuwait, Saudi Arabia, Finland, England. I did not see any members from: Puerto Rico. If you are from somewhere else let me know so I can update our list. Thanks Bill"