Search Term,Group Name,URL,Group Info,,,Description.,Group ID,Pub/Private,Posts Per Day #
Ford F250,Ford F250/F350 SuperDuty,https://www.facebook.com/groups/136859806874877/,Private Â· 105K members Â· 10+ posts a day,,,,/URLs/,,- normalize calcu.
Ford F250,Ford F-250 diesel/gas,https://www.facebook.com/groups/1059392597451030/,Public Â· 38K members Â· 10+ posts a day,,,,,,-make an algormithm
Ford F250,FORD super duty F250 F350,https://www.facebook.com/groups/1487887671541476/,Private Â· 47K members Â· 10+ posts a day,,,,,,- Post Per Day/1st
Ford F250,Ford F350 and F250 Parts,https://www.facebook.com/groups/1659117867691659/,Public Â· 12K members Â· 10+ posts a day,,,,,,Group Identifier
Ford F250,"6.7, 7.3, 6.2 Superduty F250 F350 F450 F550 2011+ parts Ford buy/sell/trade",https://www.facebook.com/groups/2399571210105563/,Public Â· 9.1K members Â· 8 posts a day,,,,,,Bot Plug-In
Ford F250,"1967-1977 Ford F250 Highboys, 1977.5-79 F250 Lowboys, and other Ford 4x4's",https://www.facebook.com/groups/411809902172974/,Private Â· 9.9K members Â· 5 posts a day,,,,,,Thumbnail Extraction
Ford F250,1980-1996 FORD F150/F250/F350 TRUCKS & PARTS,https://www.facebook.com/groups/1444572709093444/,Public Â· 7.6K members Â· 8 posts a month,,,,,,possible XPATHS
Ford F250,Ford f250,https://www.facebook.com/groups/978974212127725/,Public Â· 5.7K members Â· 8 posts a year,,,,,,bit-64 encoding
Ford F250,67-79 Ford F-250 Group,https://www.facebook.com/groups/fordf250trucks/,Private Â· 6K members,,,,,,encoding images in text
Ford F250,Tuned 2020+ Ford F250 F350 6.7L PowerStroke Super Duty,https://www.facebook.com/groups/tuned2020superduty/,Private Â· 3.7K members,,,,,,
Ford F250,"Old Ford Nation - F100, F150, F250, F350, Bronco",https://www.facebook.com/groups/1598319823579941/,Private Â· 4.1K members Â· 7 posts a day,,,,,,
Ford F250,"Ford F-150, F-250 ,F-350 Parts buy, sell and trade",https://www.facebook.com/groups/793713562560773/,Public Â· 871 members Â· 10 posts a day,,,,,,
Ford F250,2020-2024 Ford Tremor F250/F350 Owners,https://www.facebook.com/groups/fordtremor/,Private Â· 17K members Â· 9 posts a day,,,,,,
Ford F250,Ford f250 for sale or trade,https://www.facebook.com/groups/2013815065515908/,Public Â· 2K members Â· 6 posts a day,,,,,,
Ford F250,FORD F150 F100 F250 SPARE PARTS,https://www.facebook.com/groups/5987074074694822/,Private Â· 5.6K members Â· 10+ posts a day,,,,,,
Ford F250,99-07 Ford F-250 Super Duty Car Owners & Parts for Sale (Buy / Sell / Trade,https://www.facebook.com/groups/1739734139578002/,Public Â· 8.5K members Â· 8 posts a month,,,,,,
Ford F250,Powerstroke Diesel Ford's F-250 F-350,https://www.facebook.com/groups/1074181712656855/,Private Â· 10K members Â· 3 posts a day,,,,,,
Ford F250,Florida Ford F250 F350 F450 Parts And Trucks,https://www.facebook.com/groups/354812041335199/,Private Â· 4.7K members Â· 8 posts a day,,,,,,
Ford F250,Alabama 67-72 Ford Trucks F100's F250's 1967-1972,https://www.facebook.com/groups/876396775729501/,Private Â· 1.8K members,,,,,,
Ford F250,ford bronco /f150 /f250/f350 parts buy sell and trade,https://www.facebook.com/groups/989017051194950/,Private Â· 1.5K members,,,,,,
Ford F250,Ford Truck F-250 For sale Group,https://www.facebook.com/groups/1618150784917273/,Public Â· 333 members Â· 6 posts a month,,,,,,
Ford F250,DFW F150 F250 Group Buy Sell Trade,https://www.facebook.com/groups/dfwf150f250buyselltrade/,Private Â· 1.6K members,,,,,,
Ford F250,Ford F150 F250 F350 73-79 4x4 2WD Lowered & Lifted,https://www.facebook.com/groups/100205590448308/,Private Â· 5.8K members Â· 10+ posts a day,,,,,,
Ford F250,Ford F250 and F350 Powerstroke Owners of Ohio,https://www.facebook.com/groups/1335539653228260/,Private Â· 507 members,,,,,,
Ford F250,"Ford Trucks and Parts Ltd (F100, F150 ,F250, F350, F450, F550, F650)",https://www.facebook.com/groups/1854990404935030/,Public Â· 112 members Â· 2 posts a month,,,,,,
Ford F250,Custom Classic Hotrod Ford Trucks F100 F250 F350,https://www.facebook.com/groups/1722679541284337/,Public Â· 543 members Â· 3 posts a month,,,,,,
Ford F250,"FORD EXCURSION, F250, and F350 CLUB",https://www.facebook.com/groups/131667294002094/,Private Â· 6.7K members,,,,,,
Ford F250,Ford F-250 forever,https://www.facebook.com/groups/241898513980799/,Public Â· 87 members Â· 10 posts a year,,,,,,
Ford F250,Ford F250/350/450 Super Duty-SuperCab Owners Group,https://www.facebook.com/groups/2645129058998805/,Private Â· 87 members,,,,,,
Ford F250,"1993-1999 Ford F150 ,f-250 For Sale Or Trade",https://www.facebook.com/groups/1472217579756377/,Public Â· 2.9K members Â· 8 posts a month,,,,,,
Ford F250,FORD F-250 & F-350 SUPER DUTY TREMOR OWNERS,https://www.facebook.com/groups/fordf250f350superdutytremorowners/,Private Â· 92 members,,,,,,
Ford F250,Ford F250 Triton 5.4L V8,https://www.facebook.com/groups/FordF250Triton5.4LV8/,Private Â· 2.2K members,,,,,,
Ford F250,OBS Ford Kustoms,https://www.facebook.com/groups/fordf250/,Private Â· 3.7K members,,,,,,
Ford F250,Ford ICU (Rebuilding 1978 F250),https://www.facebook.com/groups/881478845308542/,Public Â· 193 members Â· 9 posts a year,,,,,,
Ford F250,FORD F-250 & F-350 SUPER DUTY FX4 OWNERS,https://www.facebook.com/groups/fordf250f350superdutyfx4owners/,Private Â· 289 members,,,,,,
Ford F250,Ford Super Duty F-250 - now!,https://www.facebook.com/groups/7037298364/,Public Â· 85 members,,,,,,
Ford F250,FORD F250 7.3 TX,https://www.facebook.com/groups/1908035022744495/,Public Â· 61 members,,,,,,
Ford F250,Ford F-100 F-150 F-250 F-350 enthousiasme,https://www.facebook.com/groups/314596624236057/,Public Â· 363 members Â· 4 posts a day,,,,,,
Ford F250,F250 gas trucks swva any gas engine ford truck,https://www.facebook.com/groups/979728222106693/,Public Â· 167 members Â· 8 posts a month,,,,,,
Ford F250,ford truck parts f150 f250 f350 gas and Diesel,https://www.facebook.com/groups/843974302391807/,Public Â· 2.8K members Â· 10 posts a day,,,,,,
Ford F250,Ford F-250 parts,https://www.facebook.com/groups/654152143295323/,Public Â· 25 members Â· 3 posts a year,,,,,,
Ford F250,FORD F100 F250 EXPLORER PACKAGE PICKUPS,https://www.facebook.com/groups/4766756096754967/,Public Â· 899 members Â· 2 posts a day,,,,,,
Ford F250,1988 Ford F-250 Supercab,https://www.facebook.com/groups/800923946602223/,Public Â· 33 members,,,,,,
Ford F250,â€œThose Guysâ€ & Gals Truck Club. 1957 58 59 60 Ford F100 F250 Mercury Panel.,https://www.facebook.com/groups/57to60fords/,Public Â· 26K members Â· 9 posts a day,,,,,,
Ford F250,"Ford F-Trucks Australia (F100, F150, F250, F350, F450, F550, F650)",https://www.facebook.com/groups/291664007863416/,Public Â· 42K members Â· 10 posts a day,,,,,,
Ford F250,1973 to 78 ford f250,https://www.facebook.com/groups/1981701198831888/,Public Â· 492 members Â· 8 posts a month,,,,,,
Ford F250,"Ford F-250, F-350 Super Duty Hungary",https://www.facebook.com/groups/564593552063030/,Public Â· 551 members Â· 2 posts a day,,,,,,
Ford F250,Ford F-150 or F-250 Diesel or Gas 92-97 in Florida,https://www.facebook.com/groups/569482055067958/,Public Â· 316 members Â· 8 posts a month,,,,,,
Ford F250,Ford F250 Seat Swaps,https://www.facebook.com/groups/267374675829797/,Private Â· 212 members,,,,,,
Ford F250,"Ford pick up's F150, F250, F350, and Rangers",https://www.facebook.com/groups/982029311876784/,Public Â· 4.9K members Â· 2 posts a day,,,,,,
Ford F250,"Ford f150,f250,f350 Of Georgia",https://www.facebook.com/groups/454542019808444/,Public Â· 158 members Â· 4 posts a day,,,,,,
Ford F250,67-79 Ford f100 f250 2wd and 4wd Trucks of arizona,https://www.facebook.com/groups/216320722461455/,Public Â· 105 members,,,,,,
Ford F250,Ford F150 or F250/F350 Diesel or Gas,https://www.facebook.com/groups/1607250006465360/,Public Â· 208 members Â· 5 posts a day,,,,,,
Ford F250,"Ford TritÃ³n F250 ,F350 4x4 ğŸ”¥ğŸ’¯ğŸ¤©",https://www.facebook.com/groups/720427596873348/,Private Â· 1 member,,,,,,
Ford F250,LAS MAMALONAS FORD LOBOS f250 f150,https://www.facebook.com/groups/360623215304001/,Public Â· 269K members Â· 10+ posts a day,,,,,,
Ford F250,Ford lobo f150 f250 f350 pura perrona,https://www.facebook.com/groups/2109366802700361/,Public Â· 91K members Â· 5 posts a day,,,,,,
Ford F250,ford f250 92-97 (trokeros la presa),https://www.facebook.com/groups/814629828674848/,Public Â· 139K members Â· 10 posts a day,,,,,,
Ford F250,"Ford f250,f350,f450 diesel partes y mÃ¡s mexicali",https://www.facebook.com/groups/151932708486762/,Private Â· 48K members Â· 10+ posts a day,,,,,,
Ford F250,FORD F-250 & F-350 SUPER DUTY VS. STROKE,https://www.facebook.com/groups/1316018518451047/,Public Â· 11K members Â· 8 posts a month,,,,,,
Chevrolet Silverado 2500,Chevrolet Silverado 1500/2500,https://www.facebook.com/groups/305643765624534/,Public Â· 9.8K members Â· 10+ posts a day,,,,,,
Chevrolet Silverado 2500,2024 GMC Sierra and Chevy Silverado 2500/3500,https://www.facebook.com/groups/3439013429712039/,Private Â· 14K members Â· 10+ posts a day,,,,,,
Chevrolet Silverado 2500,07-19 Gmc Sierra/Chevrolet Silverado,https://www.facebook.com/groups/1192875884518510/,Public Â· 27K members Â· 10+ posts a day,,,,,,
Chevrolet Silverado 2500,"Silverado Gas 1500, 2500, 3500",https://www.facebook.com/groups/1747224972175225/,Private Â· 67K members Â· 10 posts a day,,,,,,
Chevrolet Silverado 2500,Chevrolet Silverado and GMC Sierra MODS,https://www.facebook.com/groups/370010424527633/,Private Â· 38K members Â· 10 posts a day,,,,,,
Chevrolet Silverado 2500,Chevy Silverado 2500 only,https://www.facebook.com/groups/634086024338442/,Private Â· 2.7K members,,,,,,
Chevrolet Silverado 2500,2024 Silverado/Sierra 2500/3500 HD,https://www.facebook.com/groups/1468177047325356/,Private Â· 5.1K members Â· 10 posts a day,,,,,,
Chevrolet Silverado 2500,2020-2023 GMC Sierra & Chevrolet Silverado HD 2500 & 3500 SRW & DRW Dually,https://www.facebook.com/groups/465906565028038/,Private Â· 5.1K members Â· 4 posts a day,,,,,,
Chevrolet Silverado 2500,Chevrolet Silverado ZR2,https://www.facebook.com/groups/438647000766995/,Public Â· 10K members Â· 7 posts a day,,,,,,
Chevrolet Silverado 2500,Silverado 1500/2500 buy/sell/trade trucks/ parts,https://www.facebook.com/groups/1649871648604844/,Private Â· 1.5K members Â· 8 posts a day,,,,,,
Chevrolet Silverado 2500,Chevrolet Silverado Inc.,https://www.facebook.com/groups/407000036107632/,Public Â· 7.1K members Â· 10 posts a day,,,,,,
Chevrolet Silverado 2500,07-13 Chevrolet Silverado 1500 Car Owners & Parts for Sale (Buy / Sell / Tr,https://www.facebook.com/groups/627665240714680/,Public Â· 2.4K members Â· 10 posts a day,,,,,,
Chevrolet Silverado 2500,2024+ Chevrolet Silverado HD & GMC Sierra HD Owners,https://www.facebook.com/groups/626490695517831/,Private Â· 2.9K members,,,,,,
Chevrolet Silverado 2500,2020+ Chevrolet Silverado HD & GMC Sierra HD Owners,https://www.facebook.com/groups/2020SilveradoHD/,Private Â· 31K members Â· 10+ posts a day,,,,,,
Chevrolet Silverado 2500,00-02 Chevrolet Silverado 15-2500hd,https://www.facebook.com/groups/255693090526123/,Public Â· 170 members Â· 6 posts a month,,,,,,
Chevrolet Silverado 2500,Chevrolet Silverado (Cat Eye Edition),https://www.facebook.com/groups/1656333067987852/,Private Â· 56K members Â· 8 posts a day,,,,,,
Chevrolet Silverado 2500,Chevrolet Silverado 1500 2500 3500 For Sale (TX),https://www.facebook.com/groups/137885038484992/,Public Â· 7.2K members Â· 8 posts a month,,,,,,
Chevrolet Silverado 2500,2003-2007 (Cats eye) Classic Chevrolet Silverado 1500-3500,https://www.facebook.com/groups/296521272434691/,Private Â· 1.7K members,,,,,,
Chevrolet Silverado 2500,CHEVROLET SILVERADO & GMC SIERRA 2500 | 3500 HD OWNERS,https://www.facebook.com/groups/chevroletsilveradogmcsierra25003500hdowners/,Private Â· 1.2K members,,,,,,
Chevrolet Silverado 2500,"Pa Chevrolet Silverado Sell, buy, swap, trade, trucks parts N more",https://www.facebook.com/groups/1036349013045628/,Private Â· 2.6K members Â· 2 posts a day,,,,,,
Chevrolet Silverado 2500,Chevrolet Silverado 2500 Owners Australia,https://www.facebook.com/groups/2369869743147747/,Private Â· 4.7K members Â· 4 posts a day,,,,,,
Chevrolet Silverado 2500,1999-06 Gmc Sierra and Chevrolet Silverado trucks and parts,https://www.facebook.com/groups/501442778687254/,Public Â· 11K members Â· 10 posts a day,,,,,,
Chevrolet Silverado 2500,Chevrolet Silverado ZR2,https://www.facebook.com/groups/silveradozr2/,Private Â· 5.3K members Â· 7 posts a day,,,,,,
Chevrolet Silverado 2500,2007-2014 Chevrolet Suburban 2500/GMC Yukon 2500 Owners Group,https://www.facebook.com/groups/1703459090138942/,Public Â· 949 members Â· 8 posts a month,,,,,,
Chevrolet Silverado 2500,Chevrolet Cheyenne Silverado y 400 SS Monterrey,https://www.facebook.com/groups/1698752800198072/,Public Â· 13K members Â· 10+ posts a day,,,,,,
Chevrolet Silverado 2500,Chevrolet Silverado Owners Australia,https://www.facebook.com/groups/1599714703573767/,Private Â· 15K members Â· 5 posts a day,,,,,,
Chevrolet Silverado 2500,Chevrolet Silverado & GMC Sierra stock trucks,https://www.facebook.com/groups/325028445385285/,Public Â· 8.7K members Â· 8 posts a month,,,,,,
Chevrolet Silverado 2500,"2020+ Silverado Gas 1500, 2500, 3500",https://www.facebook.com/groups/4396936073664304/,Public Â· 68 members Â· 2 posts a month,,,,,,
Chevrolet Silverado 2500,Chevrolet Silverado Accessories,https://www.facebook.com/groups/3564775567110293/,Public Â· 795 members Â· 8 posts a month,,,,,,
Chevrolet Silverado 2500,2024+ Chevrolet & GMC 2500/3500HD Trucks,https://www.facebook.com/groups/1367778377098369/,Private Â· 4.1K members Â· 4 posts a day,,,,,,
Chevrolet Silverado 2500,GMC Sierra & Chevrolet Silverado Discussion Group,https://www.facebook.com/groups/1592355271015636/,Private Â· 6.7K members,,,,,,
Chevrolet Silverado 2500,Chevrolet & GMC 2500HD 8.1 LITRE,https://www.facebook.com/groups/1874021946187436/,Private Â· 10K members Â· 6 posts a day,,,,,,
Chevrolet Silverado 2500,Chevrolet Silverado Trail Boss,https://www.facebook.com/groups/674562599604554/,Private Â· 18K members Â· 10 posts a day,,,,,,
Chevrolet Silverado 2500,2019+ Chevrolet Silverado RST,https://www.facebook.com/groups/1572666146231486/,Private Â· 7.4K members Â· 10 posts a day,,,,,,
Chevrolet Silverado 2500,Chevy Silverado 1500/2500/3500 Nation and GMC too.,https://www.facebook.com/groups/714731556403724/,Private Â· 3.7K members Â· 6 posts a day,,,,,,
Chevrolet Silverado 2500,Chevrolet Silverado 1500/2500,https://www.facebook.com/groups/1121371712644184/,Public Â· 41 members Â· 20 posts a year,,,,,,
Chevrolet Silverado 2500,Chevrolet Silverado,https://www.facebook.com/groups/293153831051703/,Public Â· 5.8K members Â· 10 posts a day,,,,,,
Chevrolet Silverado 2500,2020+ Chevrolet Silverado Gas 1500 Owners,https://www.facebook.com/groups/1004207340323581/,Public Â· 230 members Â· 4 posts a month,,,,,,
Chevrolet Silverado 2500,Chevrolet Silverado and Dodge ram and Ford F-150 and GMC Sierra,https://www.facebook.com/groups/1537018453482890/,Public Â· 4K members Â· 10+ posts a day,,,,,,
Chevrolet Silverado 2500,88-94 Chevrolet Silverado Questions and marketplace,https://www.facebook.com/groups/480494806346588/,Public Â· 342 members Â· 6 posts a month,,,,,,
Chevrolet Silverado 2500,2026 Chevrolet Silverado & GMC Sierra,https://www.facebook.com/groups/889516016131783/,Public Â· 345 members Â· 20 posts a year,,,,,,
Chevrolet Silverado 2500,Chevrolet Silverado Group,https://www.facebook.com/groups/403458626773431/,Public Â· 16 members Â· 3 posts a year,,,,,,
Chevrolet Silverado 2500,chevrolet silverado(round body edition),https://www.facebook.com/groups/654872521372160/,Private Â· 1K members,,,,,,
Chevrolet Silverado 2500,Chevrolet Silverado Z71 1500 Group,https://www.facebook.com/groups/161019337938029/,Public Â· 295 members Â· 4 posts a year,,,,,,
Chevrolet Silverado 2500,2020+ 2500HD Silverado/Sierra 6.6 Gas Owners,https://www.facebook.com/groups/586474035254760/,Private Â· 1.6K members,,,,,,
Chevrolet Silverado 2500,Chevrolet Silverado Car Owners,https://www.facebook.com/groups/817868046289910/,Public Â· 111 members Â· 2 posts a month,,,,,,
Chevrolet Silverado 2500,Chevrolet Silverado Trail Boss CANADA,https://www.facebook.com/groups/2500395123333724/,Private Â· 833 members,,,,,,
Chevrolet Silverado 2500,Chevrolet Silverado Trail Boss,https://www.facebook.com/groups/569167861157915/,Private Â· 252 members,,,,,,
Chevrolet Silverado 2500,"Silverado Sierra 1500, 2500, 3500",https://www.facebook.com/groups/1265231673843574/,Private Â· 1.9K members,,,,,,
Chevrolet Silverado 2500,lifted chevy silverado 2500hd,https://www.facebook.com/groups/880389282755536/,Public Â· 720 members Â· 8 posts a month,,,,,,
Chevrolet Silverado 2500,1999-2002 Chevrolet Silverado,https://www.facebook.com/groups/1228484198103059/,Public Â· 545 members Â· 8 posts a month,,,,,,
Chevrolet Silverado 2500,Chevrolet Silverado EV/GMC Sierra EV Owners,https://www.facebook.com/groups/4006266286145854/,Public Â· 2.5K members Â· 8 posts a month,,,,,,
Chevrolet Silverado 2500,"Chevrolet Silverado ""Face club""",https://www.facebook.com/groups/613735665403896/,Public Â· 46K members Â· 10+ posts a day,,,,,,
Chevrolet Silverado 2500,Club Chevrolet Silverados sub o caja corta 2500,https://www.facebook.com/groups/343942719428913/,Public Â· 2.2K members Â· 2 posts a year,,,,,,
Chevrolet Silverado 2500,ğŸ‡²ğŸ‡½ Compra y venta Chevrolet Silverado Guadalajara,https://www.facebook.com/groups/1447253595507913/,Public Â· 75K members Â· 10+ posts a day,,,,,,
Chevrolet Silverado 2500,"Chevrolet 400ss,cheyenne & Silverado Mexico ğŸ‡²ğŸ‡½",https://www.facebook.com/groups/327712315556849/,Public Â· 71K members Â· 10+ posts a day,,,,,,
Chevrolet Silverado 2500,"Compra Venta Chevrolet Silverado, Cheyenne ,400ss, Guadalajara Jalisco",https://www.facebook.com/groups/303581723379043/,Private Â· 80K members Â· 10+ posts a day,,,,,,
Chevrolet Silverado 2500,"Chevrolet, Cheyenne, Silverado, Sierra, Gmc en el Mundo",https://www.facebook.com/groups/1636710916510289/,Public Â· 33K members Â· 8 posts a month,,,,,,
Chevrolet Silverado 2500,chevrolet silverado 1500,https://www.facebook.com/groups/2026880187365771/,Public Â· 7.8K members Â· 10+ posts a day,,,,,,
Chevrolet Silverado 2500,Chevrolet Club Cheyenne Silverado GMC SS Trocas perronas,https://www.facebook.com/groups/639570806753431/,Public Â· 21K members Â· 8 posts a month,,,,,,
Chevrolet Silverado 2500,"Chevrolet, silverado 400ss 454, Durango",https://www.facebook.com/groups/408886342858939/,Public Â· 20K members Â· 10 posts a day,,,,,,
Chevrolet Silverado 2500,"Cheyenne-Silverado 2007-2013 1500,2500,3500",https://www.facebook.com/groups/1772608516520975/,Private Â· 867 members,,,,,,
Chevrolet Silverado 2500,ğŸ‡²ğŸ‡½ğŸ‡ºğŸ‡²Chevrolet Silverados 400ss Cheyenne Suburbans Sierra ğŸ‡²ğŸ‡½ğŸ‡ºğŸ‡²,https://www.facebook.com/groups/1066609437183239/,Public Â· 10K members Â· 10 posts a day,,,,,,
Chevrolet Silverado 2500,Chevrolet Silverado Colombia,https://www.facebook.com/groups/281502648669041/,Public Â· 18K members Â· 7 posts a day,,,,,,
Chevrolet Silverado 2500,Chevrolet Silverado CR,https://www.facebook.com/groups/583633536478730/,Public Â· 1.7K members Â· 4 posts a day,,,,,,
Chevrolet Silverado 2500,CHEVROLET SILVERADO,https://www.facebook.com/groups/1507256376181036/,Public Â· 2.6K members Â· 7 posts a day,,,,,,
Chevrolet Silverado 3500,Chevrolet Silverado 1500/2500,https://www.facebook.com/groups/305643765624534/,Public Â· 9.8K members Â· 10+ posts a day,,,,,,
Chevrolet Silverado 3500,07-19 Gmc Sierra/Chevrolet Silverado,https://www.facebook.com/groups/1192875884518510/,Public Â· 27K members Â· 10+ posts a day,,,,,,
Chevrolet Silverado 3500,Chevrolet Silverado and GMC Sierra MODS,https://www.facebook.com/groups/370010424527633/,Private Â· 38K members Â· 10 posts a day,,,,,,
Chevrolet Silverado 3500,"Silverado Gas 1500, 2500, 3500",https://www.facebook.com/groups/1747224972175225/,Private Â· 67K members Â· 10 posts a day,,,,,,
Chevrolet Silverado 3500,2003-2007 (Cats eye) Classic Chevrolet Silverado 1500-3500,https://www.facebook.com/groups/296521272434691/,Private Â· 1.7K members,,,,,,
Chevrolet Silverado 3500,2024+ Chevrolet & GMC 2500/3500HD Trucks,https://www.facebook.com/groups/1367778377098369/,Private Â· 4.1K members Â· 4 posts a day,,,,,,
Chevrolet Silverado 3500,Chevrolet Silverado 1500 2500 3500 For Sale (TX),https://www.facebook.com/groups/137885038484992/,Public Â· 7.2K members Â· 8 posts a month,,,,,,
Chevrolet Silverado 3500,2020-2023 GMC Sierra & Chevrolet Silverado HD 2500 & 3500 SRW & DRW Dually,https://www.facebook.com/groups/465906565028038/,Private Â· 5.1K members Â· 4 posts a day,,,,,,
Chevrolet Silverado 3500,2024 GMC Sierra and Chevy Silverado 2500/3500,https://www.facebook.com/groups/3439013429712039/,Private Â· 14K members Â· 10+ posts a day,,,,,,
Chevrolet Silverado 3500,Chevrolet Silverado (Cat Eye Edition),https://www.facebook.com/groups/1656333067987852/,Private Â· 56K members Â· 8 posts a day,,,,,,
Chevrolet Silverado 3500,CHEVROLET SILVERADO & GMC SIERRA 2500 | 3500 HD OWNERS,https://www.facebook.com/groups/chevroletsilveradogmcsierra25003500hdowners/,Private Â· 1.2K members,,,,,,
Chevrolet Silverado 3500,Chevrolet Silverado Inc.,https://www.facebook.com/groups/407000036107632/,Public Â· 7.1K members Â· 10 posts a day,,,,,,
Chevrolet Silverado 3500,1999-06 Gmc Sierra and Chevrolet Silverado trucks and parts,https://www.facebook.com/groups/501442778687254/,Public Â· 11K members Â· 10 posts a day,,,,,,
Chevrolet Silverado 3500,Chevrolet Silverado ZR2,https://www.facebook.com/groups/438647000766995/,Public Â· 10K members Â· 7 posts a day,,,,,,
Chevrolet Silverado 3500,07-13 Chevrolet Silverado 1500 Car Owners & Parts for Sale (Buy / Sell / Tr,https://www.facebook.com/groups/627665240714680/,Public Â· 2.4K members Â· 10 posts a day,,,,,,
Chevrolet Silverado 3500,2020+ Chevrolet Silverado HD & GMC Sierra HD Owners,https://www.facebook.com/groups/2020SilveradoHD/,Private Â· 31K members Â· 10+ posts a day,,,,,,
Chevrolet Silverado 3500,Chevy Silverado 1500/2500/3500 Nation and GMC too.,https://www.facebook.com/groups/714731556403724/,Private Â· 3.7K members Â· 6 posts a day,,,,,,
Chevrolet Silverado 3500,"Pa Chevrolet Silverado Sell, buy, swap, trade, trucks parts N more",https://www.facebook.com/groups/1036349013045628/,Private Â· 2.6K members Â· 2 posts a day,,,,,,
Chevrolet Silverado 3500,2024+ Chevrolet Silverado HD & GMC Sierra HD Owners,https://www.facebook.com/groups/626490695517831/,Private Â· 2.9K members,,,,,,
Chevrolet Silverado 3500,2024 Silverado/Sierra 2500/3500 HD,https://www.facebook.com/groups/1468177047325356/,Private Â· 5.1K members Â· 10 posts a day,,,,,,
Chevrolet Silverado 3500,Chevrolet Cheyenne Silverado y 400 SS Monterrey,https://www.facebook.com/groups/1698752800198072/,Public Â· 13K members Â· 10+ posts a day,,,,,,
Chevrolet Silverado 3500,2019+ Chevrolet Silverado RST,https://www.facebook.com/groups/1572666146231486/,Private Â· 7.4K members Â· 10 posts a day,,,,,,
Chevrolet Silverado 3500,Chevrolet Silverado Accessories,https://www.facebook.com/groups/3564775567110293/,Public Â· 795 members Â· 8 posts a month,,,,,,
Chevrolet Silverado 3500,GMC Sierra & Chevrolet Silverado Discussion Group,https://www.facebook.com/groups/1592355271015636/,Private Â· 6.7K members,,,,,,
Chevrolet Silverado 3500,Chevrolet Silverado Owners Australia,https://www.facebook.com/groups/1599714703573767/,Private Â· 15K members Â· 5 posts a day,,,,,,
Chevrolet Silverado 3500,Chevrolet Silverado & GMC Sierra stock trucks,https://www.facebook.com/groups/325028445385285/,Public Â· 8.7K members Â· 8 posts a month,,,,,,
Chevrolet Silverado 3500,Chevrolet Silverado Trail Boss,https://www.facebook.com/groups/674562599604554/,Private Â· 18K members Â· 10 posts a day,,,,,,
Chevrolet Silverado 3500,Chevrolet Silverado,https://www.facebook.com/groups/293153831051703/,Public Â· 5.8K members Â· 10 posts a day,,,,,,
Chevrolet Silverado 3500,2020+ Chevrolet Silverado Gas 1500 Owners,https://www.facebook.com/groups/1004207340323581/,Public Â· 230 members Â· 4 posts a month,,,,,,
Chevrolet Silverado 3500,Chevrolet Colorado / Silverado Nation,https://www.facebook.com/groups/ChevroletColoradoNation/,Private Â· 6.9K members,,,,,,
Chevrolet Silverado 3500,Chevrolet Silverado ZR2,https://www.facebook.com/groups/silveradozr2/,Private Â· 5.3K members Â· 7 posts a day,,,,,,
Chevrolet Silverado 3500,Chevrolet Silverado and Dodge ram and Ford F-150 and GMC Sierra,https://www.facebook.com/groups/1537018453482890/,Public Â· 4K members Â· 10+ posts a day,,,,,,
Chevrolet Silverado 3500,88-94 Chevrolet Silverado Questions and marketplace,https://www.facebook.com/groups/480494806346588/,Public Â· 342 members Â· 6 posts a month,,,,,,
Chevrolet Silverado 3500,Chevrolet Silverado Z71 1500 Group,https://www.facebook.com/groups/161019337938029/,Public Â· 295 members Â· 4 posts a year,,,,,,
Chevrolet Silverado 3500,Chevrolet Silverado 2500 Owners Australia,https://www.facebook.com/groups/2369869743147747/,Private Â· 4.7K members Â· 4 posts a day,,,,,,
Chevrolet Silverado 3500,chevrolet silverado(round body edition),https://www.facebook.com/groups/654872521372160/,Private Â· 1K members,,,,,,
Chevrolet Silverado 3500,Chevrolet Silverado Group,https://www.facebook.com/groups/403458626773431/,Public Â· 16 members Â· 3 posts a year,,,,,,
Chevrolet Silverado 3500,00-02 Chevrolet Silverado 15-2500hd,https://www.facebook.com/groups/255693090526123/,Public Â· 170 members Â· 6 posts a month,,,,,,
Chevrolet Silverado 3500,Chevrolet Silverado 1500 Club,https://www.facebook.com/groups/200244455367102/,Public Â· 74 members Â· 9 posts a year,,,,,,
Chevrolet Silverado 3500,"Silverado Sierra 1500, 2500, 3500",https://www.facebook.com/groups/1265231673843574/,Private Â· 1.9K members,,,,,,
Chevrolet Silverado 3500,2026 Chevrolet Silverado & GMC Sierra,https://www.facebook.com/groups/889516016131783/,Public Â· 345 members Â· 20 posts a year,,,,,,
Chevrolet Silverado 3500,1990's Chevrolet Silverado Trucks,https://www.facebook.com/groups/538554839566127/,Public Â· 33 members,,,,,,
Chevrolet Silverado 3500,Chevrolet Silverado Car Owners,https://www.facebook.com/groups/817868046289910/,Public Â· 111 members Â· 2 posts a month,,,,,,
Chevrolet Silverado 3500,Chevrolet Silverado Owners,https://www.facebook.com/groups/1562683587591733/,Public Â· 10 members Â· 4 posts a year,,,,,,
Chevrolet Silverado 3500,Chevrolet Silverado,https://www.facebook.com/groups/5096132123761141/,Public Â· 21 members Â· 3 posts a year,,,,,,
Chevrolet Silverado 3500,Chevrolet Silverado Trail Boss CANADA,https://www.facebook.com/groups/2500395123333724/,Private Â· 833 members,,,,,,
Chevrolet Silverado 3500,Chevrolet Silverado Trail Boss,https://www.facebook.com/groups/569167861157915/,Private Â· 252 members,,,,,,
Chevrolet Silverado 3500,1999-2002 Chevrolet Silverado,https://www.facebook.com/groups/1228484198103059/,Public Â· 545 members Â· 8 posts a month,,,,,,
Chevrolet Silverado 3500,Chevrolet Silverado EV/GMC Sierra EV Owners,https://www.facebook.com/groups/4006266286145854/,Public Â· 2.5K members Â· 8 posts a month,,,,,,
Chevrolet Silverado 3500,"CAMIONES C-30, CHEYENNE Y SILVERADO 3500",https://www.facebook.com/groups/655987531522337/,Public Â· 1.7K members Â· 8 posts a month,,,,,,
Chevrolet Silverado 3500,"Chevrolet 400ss,cheyenne & Silverado Mexico ğŸ‡²ğŸ‡½",https://www.facebook.com/groups/327712315556849/,Public Â· 71K members Â· 10+ posts a day,,,,,,
Chevrolet Silverado 3500,"Chevrolet Silverado ""Face club""",https://www.facebook.com/groups/613735665403896/,Public Â· 46K members Â· 10+ posts a day,,,,,,
Chevrolet Silverado 3500,"Compra Venta Chevrolet Silverado, Cheyenne ,400ss, Guadalajara Jalisco",https://www.facebook.com/groups/303581723379043/,Private Â· 80K members Â· 10+ posts a day,,,,,,
Chevrolet Silverado 3500,!TROCAS DE TRES TONELADAS!!ford f350 Silverado 3500 Ram 4000!!,https://www.facebook.com/groups/350149943264170/,Public Â· 107K members Â· 10+ posts a day,,,,,,
Chevrolet Silverado 3500,chevrolet silverado 1500,https://www.facebook.com/groups/2026880187365771/,Public Â· 7.8K members Â· 10+ posts a day,,,,,,
Chevrolet Silverado 3500,ğŸ‡²ğŸ‡½ Compra y venta Chevrolet Silverado Guadalajara,https://www.facebook.com/groups/1447253595507913/,Public Â· 75K members Â· 10+ posts a day,,,,,,
Chevrolet Silverado 3500,Chevrolet Club Cheyenne Silverado GMC SS Trocas perronas,https://www.facebook.com/groups/639570806753431/,Public Â· 21K members Â· 8 posts a month,,,,,,
Chevrolet Silverado 3500,Club camion chevrolet silverado,https://www.facebook.com/groups/690344769816988/,Public Â· 164 members Â· 2 posts a month,,,,,,
Chevrolet Silverado 3500,"Cheyenne-Silverado 2007-2013 1500,2500,3500",https://www.facebook.com/groups/1772608516520975/,Private Â· 867 members,,,,,,
Chevrolet Silverado 3500,ğŸ‡²ğŸ‡½ğŸ‡ºğŸ‡²Chevrolet Silverados 400ss Cheyenne Suburbans Sierra ğŸ‡²ğŸ‡½ğŸ‡ºğŸ‡²,https://www.facebook.com/groups/1066609437183239/,Public Â· 10K members Â· 10 posts a day,,,,,,
Chevrolet Silverado 3500,"Chevrolet, silverado 400ss 454, Durango",https://www.facebook.com/groups/408886342858939/,Public Â· 20K members Â· 10 posts a day,,,,,,
Chevrolet Silverado 3500,Club Chevrolet Silverado Venezuela,https://www.facebook.com/groups/390424451323714/,Private Â· 27K members Â· 10+ posts a day,,,,,,
Chevrolet Silverado 3500,club Chevrolet Silverado,https://www.facebook.com/groups/361443759909639/,Public Â· 85 members Â· 20 posts a year,,,,,,
Chevrolet Silverado 3500,Silverado Trailboss Chevrolet Chile ğŸ‡¨ğŸ‡±,https://www.facebook.com/groups/1340060619719262/,Private Â· 11K members Â· 8 posts a day,,,,,,
Chevrolet Silverado 3500,Chevrolet Silverado France,https://www.facebook.com/groups/2189268684654668/,Private Â· 751 members,,,,,,
Chevrolet Silverado 3500,"VENTA DE FORD SUPER DUTY.F350,450,550.CHEVROLET 3500.ETC",https://www.facebook.com/groups/383948671983863/,Public Â· 165K members Â· 10+ posts a day,,,,,,
Chevrolet Silverado 3500,CHEVROLET SILVERADO,https://www.facebook.com/groups/1507256376181036/,Public Â· 2.6K members Â· 7 posts a day,,,,,,
Chevrolet Silverado 3500,Pick Up Chevrolet 1980-91 Squarebody Series / Silverado / Cheyenne ğŸ‡¦ğŸ‡·,https://www.facebook.com/groups/348984142224215/,Public Â· 13K members Â· 2 posts a day,,,,,,
Chevrolet Silverado 3500,CHEVROLET SILVERADO CHILE,https://www.facebook.com/groups/1052599311543353/,Public Â· 31K members Â· 10+ posts a day,,,,,,
Chevrolet Silverado 3500,ğŸ‡²ğŸ‡½REFACCIONES DE CHEVROLET SILVERADO & CHEYENNE,https://www.facebook.com/groups/953104219292434/,Public Â· 1.2K members Â· 8 posts a month,,,,,,